Title,Content
తెలుగు పద్యం,మళ్ళీఇన్నాళ్ళకిఇన్నేళ్ళకిపద్యాలురాయుటిదియెట్లన్నన్పళ్ళూడినముసిలిదికుచ్చిళ్ళన్సవరించినట్టుసిరిసిరిమువ్వానాకింకాపళ్ళుఊడలేదుకానీఉన్నవాటినిఊడగొట్టుకొనేందుకుమళ్ళీఇన్నాళ్ళకిఈబ్లాగులోపోస్టుపెడదామనేదురాలోచనవచ్చిందిదీనికిస్ఫూర్తినిచ్చినపంతులగోపాలకృష్ణగారికిముందుగాకృతజ్ఞతలువారుఛందస్సుఫేసుబుక్కుగ్రూపులోయతిగురించిపెట్టినచర్చదీనికికారణంకొన్నికారణాలుగానిమాత్రమేచేసానుకాబట్టిదీనిగురించిఅక్కడకాకుండాయిక్కడనాఅభిప్రాయాలనుపంచుకుంటున్నానుదీనికివారికిఅభ్యంతరంఉండదనిఆశిస్తున్నానుగోపాలకృష్ణగారుసంస్కృతతెలుగుయతులమధ్యచెప్పినభేదాలతోనాకుభేదాభిప్రాయమేదీలేదుకాబట్టిదాన్నిఇక్కడతిరిగిఉట్టంకించడంలేదువారులేవదీసినముఖ్యాంశంగురించివారుచెప్పినవిషయాలుమాత్రంయథాతథంగాయిక్కడపెడుతున్నానుఈబ్లాగుచదివేవాళ్ళకువీలుగాపాదప్రథమాక్షరమేఏమార్పులేకుండాతిరిగియతిస్థానంలోప్రయోగింపబడడమేతెలుగులోయతిచెల్లించడమంటేఇదిప్రాచీనమైనపద్ధతిఆవిధంగాసంస్కృతంలోయతిస్థానంలోవిశ్రాంతితీసుకుంటుండగాతెలుగులోఅదేఅక్షరాన్నితిరిగిప్రయోగించడంద్వారాఒకకొత్తఅందాన్నితీసుకురావడానికిప్రయత్నిస్తున్నామన్నమాటఈప్రయోజనంఅక్కడపదవిఛ్ఛేదనంజరిగికొత్తపదంఅదేఅక్షరంతోతిరిగిప్రారంభమయితేనేఒనగూరుతుందిఅయితేసంస్కృతంలోలాగాపదవిఛ్ఛేదనంజరగడందానితోపాటుసరూపాక్షరయతిచెల్లించడంరెండూకావాలంటేఅవిపద్యరచనకుగుదిబండలవుతాయనేఉద్దేశంతోమనవారుసరూపాక్షరయతితోసరిపెట్టుకునిపదవిఛ్ఛేదనమనేనియమానికిమంగళంపాడేరుఇంతటితోఆగలేదుపాదాద్యక్షరాన్నేతిరిగియతిస్థానంలోఅలాగేప్రయోగించాలంటేకష్టమనిభావించిఆఅక్షరంతోమైత్రిగలఅంటేఉచ్చారణలోసారూప్యంగలఅక్షరాన్నివేసుకున్నాసరిపోతుందనిసరిపెట్టుకున్నారునిజానికిఇదిసరిపెట్టుకోవడమేగానిఅదేఅక్షరాన్నియతిగాచెల్లించడంలోనిఅందాన్నితీసుకురాదుఅలాగేపదమధ్యంలోఉన్నఅక్షరంతోయతిచెల్లించడంవలనఒకనియమాన్నిపాటించడంజరుగుతోందేతప్పపద్యానికిఏవిదమైనశోభనీచేకూర్చడంలేదుఇదిమనమహాకవులకుతెలియదనికాదుకానిపెద్దపెద్దసమాసాలతోపద్యాలల్లుతున్నప్పుడుయతిస్థానంలోపదవిఛ్ఛేదనంజరగాలంటేకుదరదుసంస్కృతసమాసాల్నియథాతథంగాదించేసుకుంటూపద్యాలువ్రాసుకున్నమనవారికిఅసలుకుదరదుఅందుకేపదమధ్యంలోనిఅక్షరంతోసరూపాక్షరయతిమొక్కుబడిగాచెల్లిస్తూవచ్చారుసరూపాక్షరయతిఉండడంమంచిదేకానిదానిప్రయోజనంయతిస్థానంలోపదవిఛ్ఛేదనంకూడాజరిగితేనేఒనగూరుతుందినియమాలూకట్టబాట్లూసంఘానికిమేలుచేసేవిగాఉండాలిఅలానేఛందోనియమాలుపద్యానికిఅందంచేకూర్చేవిగాఉండాలినిష్ప్రయోజనంగాఉండకూడదుఒకజాతిస్త్రీలుఅందమైనమెడకోసంజీవితంలోచాలాభాగంమెడచుట్టూబరువైనరింగులుదిగేసుకునిసంచరిస్తారుపెరుగుతున్నకొద్దీమరికొన్నిరింగులుచేరుస్తూఉంటారువారుసాధించుకునేఅందమేమిటోగానిఆస్త్రీలజీవితాలకవినిశ్చయంగాగుదిబండలేతరతరాలుగావచ్చినంతమాత్రానఅన్నీమంచివేకాదువాటిప్రయోజనాన్నిసమీక్షించుకుంటూముందుకుసాగాల్సిఉంటుందిఇంతకుముందుచర్చలోమనమహాకవులుఛందోనియమాల్నిఅవలీలగాపాటించారనీఇప్పుడుఅదిచేతగాకయతినియమంవద్దంటున్నాననీఏదేదోవ్రాసేరునేనుయతినియమంవద్దనలేదుయతిప్రయోజనంఒనగూరాలంటేపదమధ్యంలోకాకుండాపదారంభంలోయతిచెల్లిస్తేఅక్కడపదవిచ్ఛేదంజరిగిపద్యానికిఒకకొత్తఅందంవస్తుందన్నదేనాఅబిప్రాయంపెద్దపెద్దవృత్తాలలోపదమధ్యంలోమొక్కుబడిగాయతిచెల్లించినపద్యాలూపదవిఛ్చేదనంతోపాటుయతిచెల్లించినవేమనపద్యాలూకందపద్యాలూగమనిస్తేఈసంగతిస్పష్టంగాబోధపడుతుందిఎంతటిమహాకవులకైనాఈనియమాలుఎలాఇబ్బందిపెడతాయోచూపిస్తానుచూడండిసిరిగలవానికిచెల్లునుతరుణులపదియారువేలతగపెండ్లాడన్తిరిపెమునకిద్దరాండ్రాపరమేశాగంగవిడుముపార్వతిచాలున్శ్రీనాధమహాకవిదిఎంతచక్కటిపద్యంఅయినాచూడండిసిరిగలవానికిపదహారువేలమందినిపెండ్లాడడంచెల్లుతుందిచెల్లునుఅంటేతగునుఅనేకదాఅర్థంమరిమళ్ళాతగపెండ్లాడన్ఏమిటిఇదియతిచెల్లించడానికిపడ్డతిప్పలుఇలాబయటకుస్పష్టంగాకనిపించకపోయినాపద్యాల్లోయతిచెల్లించడానికిముందోవెనకోఅక్కర్లేనిపదాలోవిశేషణాలోవేయడమోలేకపోతేచక్కగాభావయుక్తంగాఉండేపదాల్నివదులుకునిఏదోఒకపదంవేసిసరిపెట్టుకోవడమోజరుగుతూనేఉంటుందిపద్యంహృద్యంగాఉండాలంటేయతిచెల్లించడంతోపాటుఅక్కడపదవిఛ్ఛేదనంకూడాజరిగితేనేఅందమన్నదినాఅభిప్రాయంఅలాజరగనప్పుడుఅదిమొక్కుబడిచెల్లింపేలేదుదానివనఫలానాప్రయోజనంఒనగూరుతున్నాదనిఎవరైనాచూపిస్తేచాలాసంతోషంచర్చపదమధ్యంలోఅక్షరంతోయతిచెల్లించడందానిప్రయోజనంగురించిమాత్రమేజరపాలనినావిన్నపంఇదిగోపాలకృష్ణగారులేవదీసినచర్చవారితోనేనుఏకీభవించేవిషయాలనుముందుగాప్రస్తావించిఆతర్వాతవిభేదించేఅంశాలూవాటిపైనాఆలోచనలూపంచుకుంటానునేనుఏకీభవించేఅంశాలుపదవిచ్ఛేదనజరిగేవిశ్రాంతయతిపద్యానికిఒకస్పష్టమైనలయనిచేకూరుస్తుందితెలుగులోయతివిరామాన్నిపాటించవలసినఅవసరంలేనందువల్లఅలాంటిప్రయోజనాన్నియివ్వదుపదవిరామంతోకూడినఅక్షరసామ్యయతిఆఅక్షరసామ్యాన్నిమరింతప్రస్ఫుటంచేసిఅక్షరసామ్యంలోగలశ్రావ్యతనుచక్కగాఆవిష్కరిస్తుందిఅలాలేనప్పుడుఆఅక్షరసామ్యంఅంతగాచెవులకియింపుకలిగించదుయతికియీరెండుప్రయోజనాలూతప్పమరేమైనాఉన్నాయాఉంటేఏమిటిఅన్నదిగోపాలకృష్ణగారిప్రశ్నదాన్నిగురించివివరించేముందుఆప్రశ్నలోభాగంగావారుప్రస్తావించినమరికొన్నిఅంశాలునాకుఇబ్బందికరంగాతోచినవాటినిముందుగాచర్చిస్తానుఅయితేసంస్కృతంలోలాగాపదవిఛ్ఛేదనంజరగడందానితోపాటుసరూపాక్షరయతిచెల్లించడంరెండూకావాలంటేఅవిపద్యరచనకుగుదిబండలవుతాయనేఉద్దేశంతోమనవారుసరూపాక్షరయతితోసరిపెట్టుకునిపదవిఛ్ఛేదనమనేనియమానికిమంగళంపాడేరుఇక్కడపదవిచ్ఛేదననియమానికిమంగళంపాడడంఅనేవిషయంగురించివారుఒకఊహచేసారుఅదివారిఊహమాత్రమేకానిఅదిఊహఅనిధ్వనించకుండాకచ్చితమైనవిషయంగావారుప్రస్తావించడంనాకుఅభ్యంతరకరంగాఅనిపించిందిపదవిచ్ఛేదనయతికిమనపూర్వకవులుఎందుకుమంగళంపాడేరోమనకిప్పుడుకచ్చితంగాతెలిసేఅవకాశంలేదుదానిగురించిఎవరుఏమనినాఅదికేవలంఊహమాత్రమేఅవ్వగలదుదీనిగురించినాఊహలుఇలాఉన్నాయిపదవిచ్ఛేదనపద్యపాదానికిప్రస్ఫుటమైనలయనిచేకూర్చడంప్రధానంగారెండుసందర్భాలలోమాత్రమేజరుగుతుందిఒకటిపద్యపాదంమరీపెద్దదికాకపోవడందీనికిమంచిఉదాహరణకందంరెండవపాదంఖలునకునిలువెల్లవిషముకదరాసుమతీకందంకదనుతొక్కేగుఱ్ఱంలాపరిగుపెట్టడానికిదానిచతుర్మాత్రాగణాలూజగణంతోపాటుయతిస్థానంలోవిరామంచక్కనిలయనిచేకూరుస్తుందిఅలాగేతేటగీతిపాదంకూడాఇనకరంబులలోవెల్గుఎందుకొరకుఇందుకిరణంబులనుచల్వఎందుకొరకుఋక్షసంతతిలోమిన్కులెందుకొరకుప్రేమకొరకుప్రేమకొరకుప్రేమకొరకుతేటగీతికిఆటవెలదివంటివిలక్షణమైనలయలేదుకానియతిస్థానంలోవిరామంఒకలయనికలిగిస్తుందిఇకవిరామయతిపద్యానికిచక్కనిలయనిచేకూర్చేమరొకసందర్భంపద్యఛందస్సులోనేఒకవిలక్షణమైనలయఉండడంఆటవెలదిమత్తకోకిలాతరలంభుజంగప్రయాతంఇలాంటిఛందస్సులన్నీవీటికిఉదాహరణలుమాత్రాఛందస్సులుకూడాలయప్రధానమైనవేకాబట్టివాటిలోకూడావిరామయతిఆలయచెడకుండాఉండేందుకుసహకరిస్తుందిఅయితేఇక్కడగమనించవలసినముఖ్యవిషయంఏమిటంటేఆయాపద్యాలలోయతిస్థానంలోనేకాకవాటిసహజలయనిఅనుసరించిపదాలువిరిగితేనేవాటిలోఆలయసౌందర్యంకనిపిస్తుందిఈరెండూకానిచోట్లవిరామయతికిప్రయోజనంఏమిటిఉదాహరణకుశిఖరిణివంటివృత్తంలోస్పష్టమైనలయకనిపించదుస్పష్టమైనలయఅంటేఒకేపాదంలోఒకేరకమైనగురులఘుక్రమంలేదామాత్రలఆవృత్తిఉదాహరణకిఆటవెలదిలోమూడుమాత్రలుమూడుమార్లువరసగావస్తాయిమత్తకోకిలలోమూడునాలుగుమాత్రలగణాలుతిరిగితిరిగివస్తాయిఇలాంటిఆవృత్తిస్పష్టమైనలయనిఇస్తుందిశిఖరిణివంటివృత్తాలలోఅదిలేదుఅలాగేమాలావిక్రీడితవృత్తాలుకూడాఒకేమాత్రలుగురులఘుక్రమంకలిగినకనీసంమూడక్షరాలగణాలురెంటికిమించివరసగావాటిల్లోరావుకాబట్టివాటికిపైనఉదాహరించినయితరవృత్తాలలోమాదిరిస్పష్టమైనలయలేదుకాబట్టియీపద్యాలలోపాదవిరామంప్రత్యేకంగాఒకచక్కనిలయనిసాధిస్తుందనిఅనడంసరికాదుపద్యానికిలయనిచేకూర్చడంతోపాటువిరామయతికిఉన్నమరొకప్రయోజనంపద్యానికిపఠనసౌలభాన్నికల్పించడంఅంటేచదివేవాళ్ళకికాస్తవిరామంవిశ్రాంతికలిగించడందాసీభూతసమస్తదేవవనితాంఅనిఒకపెద్దసమాసంచదివేవారుఒక్కసారిఊపిరిపీల్చుకొనిలోకైకదీపాంకురాంఅనిచదివేవెసలుబాటుఅక్కడవిరామయతికలిగిస్తోందిఇదిస్తోత్రాలుచదివేవారికిచాలాఅవసరంబాగుందిఇప్పుడుమరితెలుగుపద్యాలకియీమూడుప్రయోజనాలూఅవసరంలేకుండాపోయాయాపోయాయిఅన్నదేనాఊహఇక్కడఒకముఖ్యవిషయాన్నిమనంగమనించాలితెలుగుకవులునన్నయ్యాగారితోమొదలుపెట్టిచెప్పేవిషయానికీపద్యపునడకకూఒకసంబంధాన్నికలిగించేప్రయత్నంచేసారుఅన్నిచోట్లాకాకపోయినాకొన్నివిశేషసందర్భాలలోఅంటేపద్యపునడకనుఆపద్యంలోనిభావాన్నిఉద్దీపింపజేసేందుకుఉపయోగించడంఅన్నమాటమనకిఎక్కువచంపూకావ్యాలురావడంవెనకకూడాబహుశాఇదేకారణంఅనినేననుకుంటున్నానుఇదినాకుతెలిసిసంస్కృతకవిత్వంలోపెద్దగాకనిపించదురామాయణమహాభారతాలుచాలావరకూఅనుష్టుప్ఛందస్సులోనేసాగుతాయితర్వాతకావ్యాలుకూడాఒకోసర్గామొత్తంఒకేవృత్తంలోసాగేవేఎక్కువగాకనిపిస్తాయిక్షేమేంద్రుడువృత్తౌచిత్యాన్నిగురించిఫలానాఛందస్సుఫాలానాభావాన్నివ్యక్తపరచడానికిఎక్కువగాఉచితమనిచెప్పాడుఅయితేఅతనుదానికికారణంఅందులోఉండేగురులఘుసంఖ్యఆధారంగాచేసినదేకానిపద్యపునడకనినాకుతెలిసిప్రస్తావించలేదుతెలుగుఆలంకారికులుకూడాఎక్కువగాసంస్కృతాలంకారశాస్త్రాన్నేఅనుసరించారుకాబట్టివారుకూడాదీనిగురించివిశ్లేషించినట్టునాకుతెలియదుదీనిగురించిఆధునికకాలంలోకొంతమందికొన్నివిశ్లేషణలుచేసారువాటన్నిటినీపూర్తిగానేనుఒప్పుకోకపోయినాపద్యపునడకనినడకఅంటేఒకప్రత్యేకమైనలయకాదుపద్యంసాగేతీరుమాత్రమేతెలుగుకవులుప్రత్యేకంగావాడుకొన్నారనినేనుబలంగానమ్ముతానుదీనిగురించిఇంతకుముందుకొన్నిచోట్లఈబ్లాగులోనూఇతరత్రావ్యాసాలలోనేనుప్రస్తావించికొన్నిఉదాహరణలుఇచ్చినగుర్తుపైకారణాలవల్లలయప్రాధాన్యంకాకపద్యపునడకలోస్వేచ్ఛకేపూర్వకవులుఎక్కువమొగ్గుచూపడంవల్లఆస్వేచ్ఛకిఅడ్డంకిఅయినకారణంగావిరామయతినిపాటించలేదన్నదినాఊహసంస్కృతసమాసాల్నియథాతథంగాదించేసుకుంటూపద్యాలువ్రాసుకున్నమనవారికిఅసలుకుదరదుగోపాలకృష్ణగారునన్నుక్షమించాలినేననుకున్నదిచెపుతున్నానుఈమాటనాకుకాస్తదురుసుగాఅనిపించిందిఇదిపూర్వకవులపట్లనాకున్నవీరాభిమానంవల్లకాదుతార్కికంగాఆలోచిస్తేఎంతశాతంఅలాజరిగిందిఎందుకుజరిగిందిఎలాంటికవులుఎక్కువగాఆపనిచేసారుమొదలైనవిషయాలనిపరిశీలిస్తేఇలాంటిసర్వకవులకూఆపాదించేమాటలుఅనడంకుదరదువిరామయతినికాదన్ననన్నయ్యగారివిషయంలోకానివారినిఅనుసరించినతిక్కనగారివిషయంలోకానిఅసలుకుదరదుఇకతెలుగులోఉన్నఅక్షరసామ్యయతికిఅసలుప్రయోజనంఉన్నదాఅన్నదిఅసలుప్రశ్నఅక్షరసామ్యంఅనేదితెలుగుభాషకిఒకసహజమైనఅందాన్నియిచ్చేఅంశమనిమనసామెతలూజానపదగేయాలుమొదలైనవిస్పష్టంగారుజువుచేస్తాయిబహుశాఆదృష్టితోనేపూర్వకవులుఈనియమాన్నిపెట్టిఉండవచ్చుఅనిఊహించడంలోనాకుఅభ్యంతరంలేదుఅదిపద్యాలలోఆప్రయోజనాన్నిపూర్తిగాసాధించలేదుఅన్నవిషయమూస్పష్టమేపైననేనుఏకీభవించినరెండోఅంశంఇదిమరిదీనికివేరేప్రయోజనంఏమైనాఉన్నదాఅనిఅడిగితేఉందనినాస్వానుభవంఇదిఇంతకుముందుఎక్కడోచెప్పినట్టుగుర్తుఅయినామళ్ళిచెపుతున్నానుఈప్రయోజనంఏమిటోమీరుసొంతంగాతెలుసుకోవాలంటేమనకావ్యాలలోనుండిఒకవందపద్యాలుపెద్దవృత్తాలుకంఠస్థంచేయడానికిప్రయత్నించండిఅలాగేఒకయాభైసంస్కృతశ్లోకాలుపెద్దవృత్తాలుకంఠస్థంచేయడానికిప్రయత్నించండిఏదిసులువోమీకుమీరుతెలుసుకోండినావిషయంలోతెలుగుపద్యాలకంఠస్థంసులువయిందిదీనికితెలుగుభాషలోపద్యాలుసులువుగాఅర్థమవడంఆపదాలుఎక్కువగాతెలియడంఒకకారణంఅయితేనేనుగమనించినమరొకముఖ్యకారణంఅక్షరసామ్యయతిఅలాగేప్రాసకూడానూఒకపద్యంలోపదాలుగుర్తుపెట్టుకొనేటప్పుడుయతిస్థానంలోఉండేఅక్షరంమొదటిఅక్షరంతోసామ్యంకలిగిఉండడంవల్లఅక్కడవచ్చేపదమేమిటోసులువుగాగుర్తుంటుందిఇదినాకుచాలాసార్లుఅనుభవంలోకివచ్చినసంగతిఇదికొంతతర్కసహంగానేఅనిపించిందికాబట్టిఇతరులవిషయంలోకూడాయిదివర్తిస్తుందనినేనుఅనుకొంటున్నానుఇంకొకవిషయంకొన్నిసందర్భాలలోపూర్వకవులుచెప్పేవిషయానికిఒకఉద్దీపనకలిగించడానికికూడాయతిస్థానాన్నివాడుకొన్నారనిపండితవిమర్శకులుకొందరువిశ్లేషించారుదీనినికూడానేనుఇంతకుముందుకొన్నివ్యాసాలలోఉదాహరించడంజరిగిందిఇలాంటివిశ్లేషణతోఅందరూఒప్పుకోవాలనిలేదుకానియిదికూడాయతిప్రయోజనవిషయమైతప్పకఆలోచించాల్సినఅంశమేచివరిగాఈఅక్షరసామ్యయతిపద్యరచనకుఒకప్రతిబంధకంగుదిబండఅనిగోపాలకృష్ణగారుఅభిప్రాయపడ్డారుఅదివారివ్యక్తిగతఅనుభవంఅంటేఇబ్బందిలేదుచాలామందికిఅదిగుదిబండఅయ్యేఅవకాశంఉందిఅన్నాఒప్పుకోవచ్చుకానిపూర్వకవులపద్యరచనకియిదియించుమించుఅంతటాగుదిబండగామారిందిఅనేధ్వనివారిమాటల్లోఉందిఇదికచ్చితంగాతేల్చగలిగేఅంశంకాదుఒకపద్యంలోయతిస్థానంవచ్చేపదానికిప్రయోజనంఉందాకేవలంయతికోసమేవేసారాఅనేచర్చఎటూతేలనిచర్చఒకోరికిఒకోపదంవ్యర్థంగాతోచవచ్చుమరొకరికిఅందులోమహార్థమేదోగోచరించవచ్చుఅదిమొదటివారికిరుచించకపోవచ్చుపైగామొత్తంకావ్యంలోకావ్యసర్వస్వంలోఅలాంటివ్యర్థపదాలుయతిస్థానంలోఉన్నపద్యాలశాతంఎంతఅనేలెక్కతెలియకుండాఅదిపద్యరచనలోమనకవులకుగుదిబండఅయిందిఅనేసర్వసామాన్యసిద్ధాంతాలుచేయడంసాధ్యంకాదుఈయతిఎలాఇబ్బందిపెడుతుందోచూపిస్తానుచూడండిఅనిగోపాలకృష్ణగారుఒకఉదాహరణఇచ్చారుదానిగూర్చిముచ్చటించడంఅసందర్భంకాదనుకుంటానువారిచ్చినఉదాహరణలోతరుణులపదియారువేలతగపెండ్లాడన్అనేపాదంలోతగఅనేదివ్యర్థపదంసరేఅదివ్యర్థపదమాకాదాఅనేచర్చలోకినేనువెళ్ళదలుచుకోలేదుఎందుకంటేపైనచెప్పినట్టుగాఅదితేగేచర్చకాదుమరొకముఖ్యమైనఅంశాన్నిమాత్రంచెప్పదలుచుకున్నానుఈపద్యంఒకచాటువుచాటుపద్యాలలోప్రతిపదంసార్థకంగావాడడంఅనేదిమనకిచాలాఅరుదుగామాత్రమేకనిపించేఅంశంమంచినడకతోఝటితిస్ఫూర్తికలిగించేభావంతోఉండడమేచాటుపద్యాలముఖ్యలక్షణంకాబట్టివాటిలోవ్యర్థపదాలుకేవలంయతివల్లనేఉంటాయనిభావించడంపొరపాటుచాటుకవిత్వపుసహజమైనలక్షణాలలోనేవ్యర్థపదాలుభాగాలునిజానికిఅక్కడవాటినివ్యర్థపదాలనిఅనడంకూడాసమంజసంకాదుఎందుకంటేఇక్కడవ్యర్థంఅనేతూనికనిమార్గకవిత్వపులక్షణాన్నిబట్టినిర్వచిస్తున్నాంకాబట్టిదాన్నిమరొకరకమైనకవిత్వానికివర్తింపచెయ్యడంసరికాదుకదాఅయ్యలారాఅమ్మలారాఇవీయతిగురించినామతికితోచినకొన్నిఆలోచనలుమీమీసులోచనాలనుబట్టివీటినిఆమోదిస్తారోతిరస్కరిస్తారోఏదోఒకటిచెయ్యాలనిరూలేమీలేదుమీయిష్టంమళ్ళీఎప్ప్పుడైనాఎందుకైనామరోసారికలుసుకొనేదాకాస్వస్తిఅందరికీదీపావళిశుభాకాంక్షలుపూర్తిగాచదవండి
What should i blog ?,సాధారణంగావిపరీతమైనతలనొప్పికలిగినప్పుడునేనుబ్లాగురాస్తూఉంటానుఈసారికొంచెంతేడాకొన్నినెలలనుంచిలాగ్స్చూసిచూసినాతలబద్దలుఅవుతోందిఐనాతప్పుదుకదాతప్పనిసరితెచిపెట్టుకున్నపనిపొట్టనింపేపనికాదనిఅనలేంభార్యతోపాటుకొత్తగాపనినికూడాభరించాల్సివస్తోందిమోడిగారిదెబ్బకిఆచితూచిఖర్చుపెడ్తున్ననేనుఈరోజుతెగించేసిసినిమాకివెళ్లానుచూస్తేకధేమిఉన్నట్టుఅనిపించదుకట్టెకొట్టెతెచ్చేటైపులోఐతేకొట్టెకూడాలేదుకానీచూస్తున్నఅంతసేపుపాత్రలుమాత్రమేకనిపిస్తాయికావలసినతెలివితేటలుధైర్యంఉన్నాస్తైర్యంలేనప్పుదుహీరోనిఅందరుఎలావాడుకుంటారోఅమ్మాయిప్రేమకోసంహీరోఎలాతనలోపంనిసరిచేసుకుంటాడోఆతరువాతతననువాడుకున్నవాళ్లవల్లేహీరోయిణ్చేతప్రేమించబడతాడోఅదేకధపైపైనచూస్తేఏపాతసినిమాకధలానోచందమామకధలానోఅనిపిస్తుందికానిసినిమాఅద్యంతంవినోదమేమనలోఒక్కణ్నితెరపైనచూస్తాంఅంతేఎక్కడాఅసభ్యతకివివాదానికితావులేనికధఒకసామాన్యునికధజయమ్మునిశ్చయమ్మురాసినిమాచూసివొచ్చినతరువాతాఈమధ్యమళ్లీచూసినఅటువంటిసినిమాజ్యోఅచ్యుతానందామాత్రమేగుర్తుకువచ్చిందిరెండుకధలకిపోలికలేకున్నాసునిశితహాస్యంమనముందుకదలాడేపాత్రలురెంటిలోకామన్రెండిటిలోనాతోపాటుచదువుకున్నవాళ్లుపనిచెయ్యటంఇంకోటికామన్జ్యోఅచ్యుతానందలోఉన్నట్టేనేనుకుడాచివరికిమిగిలేదిపుస్తకంఇంకాపూర్తిగాచదవలేదు
Vadaami,యంత్రభయంఅమ్మోకృత్రిమమేధస్సుకలిగినయంత్రాలుమానవులనిసర్వనాశనంచేస్తాయేమోమానవులమేధస్సువలేపనిచేయగలిగినయంత్రాలుమానవునిజీవనోపాధినిమింగేస్తాయేమోమొన్నామధ్యటెస్లాఅధినేతయంత్రాలమేధస్సుఎల్లలుదాటితేఎన్నోప్రమాదాలకుదారితీయచ్చుఅనేభయాన్నివ్యక్తపరచగానేఎన్నోచర్చలుమొదలయ్యయివీటిలోనిజాలుఎన్నిఅసలుకృత్రిమమేధఅంటేఏంటిమానవులకేకాదుబోలెడుజీవరాసిలోవేలసంవత్సరాలపరిణామక్రమంతోపరిపుష్టమైనమస్తిష్కంఒకఅధ్బుతందీనివలనప్రసరించేచైతన్యంవివేకంతెలివితేటలువేలసంవత్సరాలుగాఎందరోమహానుభావులనివీటిపుట్టుకపదార్ధాలతోసంబంధంగురించిఆలోచించేలాచేశాయిబొమ్మలకుఅటుతరువాతయంత్రాలకుఅటువంటిమస్తిష్కంసాధ్యమేనాఅనేదిపాతప్రశ్నేయాభయ్యవదశకంలోలిస్ప్శృష్టికర్తమెకార్తీఉపయోగించినకృత్రిమమేధఅనేఈపదంఎప్పటికప్పుడుకొత్తఅర్ధాన్నివ్యక్తపరుస్తూనేవుందిఆరంగంలోపనిచేస్తున్నవారికిఆపదాన్నిఎలావాడాలోదానిపరిమితులేంటోబాగాతెలుసుఎటొచ్చీపేరుమాత్రమేవిన్నవారికినవలలుచలనచిత్రాలవలనఒకఅద్బుతమయినఇంద్రజాలసదృశంగాగోచరిస్తుందనటంలోఅతిశయోక్తిలేదుఆపరిజ్ఞ్యానలేమిభయాన్నికూడాకలిగిస్తూవుంటుందిఎన్నోరకాలసమస్యలనుసాంఖ్యకశాస్త్రపద్దతులుఉపయోగించిగణనయంత్రాలసహాయంతోసమాధానాలనుఅంచనావేస్తూతప్పులువచ్చినప్పుడుఆసంఖ్యలనుసరిచేసుకుంటూఒకప్రత్యేకఅవసరంకోసంరూపొందించినఈయంత్రాలుమానవమస్తిష్కానికిపోటీకాలేవుఅనికొందరిఅభిప్రాయంమరిచదరంగంగోలాంటిగూగుల్వారిఆల్ఫాగోవాటిలోఅబ్బురపరిచేవిజయాలమాటఏమిటితనంతటతానుగాగోలాంటిక్లిష్టమయినఆటనునేర్చుకునిదానిలోప్రపంచవిజేతగానిలవటంవెనుకమానవమేధస్సువుందిసంవిశ్వాసగణనాలద్వారావేలవేలఉదాహరణలతోలెక్కకుఅందనియంత్రశక్తితోలెక్కిచగాఒకపనిచెయ్యటంసాధ్యపడుతుందిదీనిలోకొందరుశృజనాత్మకతనిచూస్తున్నారుకొందరులెక్కలేఅనికొట్టిపారేస్తున్నారుఈకృత్రిమమేధరేపోమాపోరాబోయేయంత్రంకాదునిన్నామొన్నాఈరోజూమనజీవితాలతోపెనవేసుకుపోయిందిమనచరవాణిలోమనకిసమాయానుకూలంగాచూపించేసందేశాలమొదలుకునిమనకిజాలవాటిలోకనిపించేప్రకటనలదాకాకృత్రిమమేధాపద్దతులసాక్షాత్కారమేనిన్నవచ్చినకరోనామహమ్మారికిమందురేపురాబోయేరవాణావ్యవస్థలసమర్ధతకిఇదేకుడిభుజంఉపయోగకరమయినపేలుడుపదార్ధాలుతయారుచేసిననోబెల్ఆపదార్ధాలుతరువాతికాలంలోలక్షలప్రాణాలుబలికోంటుందనిఊహించివుండకపోవచ్చుఅలాగేఈమేధప్రాణాంతకమయినఆయుధాలతయారీలోఇప్పటికేముఖ్యభూమికనిపోషిస్తోందిఅనటంలోసంశయంఅనవసరంఈభయంతోప్రగతికిఅడ్డుకర్రలువెయ్యలేముపాలకులుదుండగులనిఒకకంటకనిపెడుతూనేఈరంగంలోజరిగేఅభివృద్ధితోభాషవ్యవసాయంఅక్రమాలకుఅడ్డుకర్రఅరోగ్యవ్యవస్తమరియూపాలనలోసమర్ధతలాంటిఎన్నోఉపయోగాలనుఅందిపుచ్చుకోవచ్చుభారత్కుసంబంధించినంతవరకూఈరంగంలోప్రభుత్వంఉదాసీనతచూపుతోందిఅనటంకాదనలేనిసత్యంప్రజలకుఅర్ధమయ్యేలాగవారిభాషల్లోవిషయాలనిప్రచురించకపోవటంమొదలుకునిపరాయిభాషల్లోవిద్యావవస్థవల్లకోట్లమందినిఈవిప్లవంలోభాగస్వాములుకాకుండానిరోధిస్తున్నాయిఈపరిజ్ఞానలేమినిదుండగులువారిలాభాలకువాడుకున్నామనంచూస్తూవుండటంవినాచెయ్యగలిగినదిశూన్యంఇందులోయంత్రాలకన్నావాటిమేధకన్నాభయపడాల్సినదియాంత్రికవిద్యావ్యవస్థకుఉదాసీనతకు
భారతీయ సంస్కృతి,ఠాట్ఈలేటెస్ట్యుగంలోశ్రాద్ధాలుపిండాలుఏమిటినేటియువతరంనిరుటికమ్యూనిస్ట్భావాలున్నపెద్దలుకూడాఅడిగేప్రశ్నఇదికొంచెంతార్కికంగాదీన్నివిశ్లేషిద్దాందీనికికొన్నిప్రమాణాలుముందుగాసిద్ధంచేసుకునిఈచర్చకొనసాగిద్దాముపునర్జన్మకర్మసిద్ధాంతముఇతఃపూర్వముమనముఎన్నోపోస్ట్లలోఈవిషయంరూడీచేసుకున్నాముటూకీగాచంద్రశేఖరపరమాచార్యవారుఋజువుచేసినవిధానంఒకసారినేమరువేసుకుందాముఒకేఊళ్ళోఒకేరోజుమందిపుట్టగాఒకరిద్దరుబాగాధనవంతులఇళ్ళలోపుట్టగాకొందరుమధ్యతరగతిఇళ్ళలోకొందరురెక్కాడితేగానిడొక్కాడనికుటుంబాలలోఒకరిద్దరుఅంగవైకల్యంతోపుట్టగాఇలాపుట్టడానికికారణంవారిపూర్వజన్మకర్మలుమాత్రమెఅనిఆచరణాత్మకంగాఒకఋజువుచూపించారుభగవద్గీతలోశ్రీకృష్ణుడుపుట్టినప్రతీప్రాణిగిట్టకతప్పదుగిట్టినప్రతీప్రాణీమరలపుట్టకతప్పదనిఆత్మకుచావులేదుఅదిచిరిగినవస్త్రంమార్చికొత్తవస్త్రంవేసుకున్నరీతిలోశరీరధారణచేస్తుందనిచెప్పిఉన్నారుఈసిద్ధాంతంమనసనాతనధర్మానికిఆయువుపట్టుఇదిఎన్నోసార్లుప్రమాణపూర్వకంగానిరూపింపబడివున్నదిపితృఋణంమనిషికిశాస్త్రంనాలుగురకాలఋణాలగురించిచెబుతుందిదైవఋణంజపధ్యానయజ్ఞాదులుచెయ్యడంవలనతీరేదిఋషిఋణంఋషులుకనుక్కున్నవేదరాశిపఠనవారుచెప్పినవిషయాలపైతపస్సుచెయ్యడంమనుష్యఋణంసమాజంలోఅందరిమీదానీకున్నబాధ్యతనెరవేర్చడంఅనిశతపధబ్రాహ్మణంచెబుతుందిమరియుపితృఋణంఈవిషయంఈటపాలోవిస్తారంగాతెలుసుకుందాముఈఋణాలుతప్పకతీర్చుకోవాలిలేదంటేఅటువంటివారిజీవితంవ్యర్ధంనేటిసాంకేతికశాస్త్రంనిరూపించినవిషయంఒకసారిఅవలోకనచేసుకుందాముమనకువర్షంఎలాపడుతుందిఅంటేచిన్నపిల్లవాడుకూడాచెబుతాడునదుల్లోతటాకాలలోసముద్రాలలోఉన్ననీరుసూర్యునిప్రతాపానికిఆవిరిగామారిసాంద్రతలోతేడావలనఆకాశానికిచేరిమేఘంలామారిఅడ్డుగాఉన్నకొండలవలనవాతావరణంవలననేలపైతిరిగివర్షంగాఅదేనీరువస్తుందిఆనీరుఎక్కడగ్రహింపబడినదోఅక్కడేకురవాలన్నకట్టుబడిలేదుమురికికాలువలోఉన్ననీరుకూడాఆవిరిగామారివర్షంపడేటప్పుడుతనమురికినిపోగొట్టుకునిమరలమంచినీటిగావర్షిస్తుందిఅదేవాతావరణంలోఆమ్లసారాలుఉంటెఆమ్లవర్షాలుఇతరరకాలుగాపడుతుందిమనవాంగ్మయంఇంచుమించుఇదేరీతిలోమనపునర్జన్మనువివరిస్తుందికాలమనేసూర్యుడుకిందనున్నజీవులఆత్మలనుఆశరీరాలనుండివిడిచేసిఇతరలోకాలకుపయనింపచేస్తుందిఈజీవుడుచేసుకున్నపాపపుణ్యాలఫలితంగాయాతనాశరీరంద్వారాస్వర్గనరకాలలోసుఖదుఃఖాలుఅనుభవించివారికర్మఫలావిశేషంవలనచంద్రునిఆశ్రయించిమొక్కలుఇతరఫలపుష్పాలద్వారాబీజరూపంలోఆహారంగామారిజీవులుతిన్నఆతిండివలనవీర్యంగామారిఆయాజీవులశరీరంనుండిపునఃఉద్భవిస్తాయిగరుడపురాణంవిష్ణుపురాణంఇత్యాదిపురాణాలుఈవిషయంకూలంకషంగాచర్చించాయిముందుగామనంమాట్లాడుకుంటున్నదిజీవాత్మగురించిజీవునివిగతశరీరంనుండిజీవాత్మబయటకువస్తుందిఊర్ధ్వరంధ్రాలనుండిబయల్వడినజీవాత్మఊర్ద్వలోకాలకుఅధోరంధ్రాలనుండివిడువడినఆత్మప్రయాణంఅధోలోకాలకుశరీరానికికర్మకాండజరిగినపద్ధతిప్రకారంపదకొండోరోజుసపిండీకరణద్వారాఅతడికియాతనాశరీరంఇవ్వబడుతుందిఆయాతనాశరీరంతోఆజీవాత్మతనకునిర్దేశించబడినలోకాలకుప్రయాణంచేస్తుందిప్రతిమాసికంలోఇచ్చేతిలధాన్యాలతోబలంపుంజుకునిప్రయాణంసాగిస్తుందిసంవత్సరకాలంలోయాత్రపూర్తిచేసుకుంటుందిఈకాలంఅంతాకూడాతనవారితోఅనుబంధంవదులుకోలేకవారుపెట్టెపిండాలుస్వీకరిస్తూవెళ్తూవుంటుందియమధర్మరాజువేసేశిక్షలనుఅనుభవించేదిఈయాతనాశరీరమేశరీరభ్రాంతితోవున్నదికనుకజీవాత్మఅదితానేఅనుభవిస్తున్నట్టుభావిస్తుందిఅతడిపాపపుణ్యాలఅకౌంట్ప్రకారంఆయాతనశరీరానికిఆశిక్షలులేదాస్వర్గభోగాలులభిస్తాయిఒక్కసారిస్వర్గానికికానీనరకానికికానీచేరినాకవారికిఒకరోజువ్యవధిమనకుసంవత్సరకాలమువారుపోయినతిధినాడువారికితద్దినంపెట్టితర్పణాలువదులుతాముఅదివారికిభోజనముఅలాఎవరైతేపిత్రుదేవతలనుసంతోషపెడతారోవారినితృప్తిగాఆశీర్వదిస్తారువారుదేవతలకన్నామనకుకావలసినవారుపితృదేవతలనుక్షోభపెట్టినవారువారిఆగ్రహానికిగురయ్యిబాధలుఅనుభవిస్తారుకొన్నిపర్వదినాలలోవారికితర్పణాలువదిలేపద్ధతిమనసాంప్రదాయంలోవుందిఅదివారికితేనీరులాస్నాక్స్లాఅందేఅవకాశంఅన్నమాటఇక్కడమనంపెట్టెపిండాలువారికిఎలాభోజనాలుఅవుతాయిఅంటేనేనుఇక్కడలోపంపినడబ్బువేరొకదేశంలోవారికరెంసీలోవారికిఅందడంలాంటిదిబ్రహ్మకపాలందగ్గరపెట్టినపిండంఆతండ్రికిబ్యాంకులోఫిక్సెడ్డిపాజిట్లాంటిదిదానిమీదవచ్చేవడ్డీతోఆపితరులజీవనంగడుస్తుందిఅన్నమాటకానీఅక్కడపిండంపెట్టినాకూడాసంవత్సరీకశ్రాద్ధంతప్పనిసరివారినిఎంతతృప్తిపరచితేమనకుఅంతసౌభాగ్యమురక్షణఇలాఊర్ధ్వలోకాలకుచేరినపితృదేవతలుపిత్రులోకంలోవసురూపంలోమసలుతారుతమపితృదేవతలంటేకేవలంగతించినమనతల్లిదండ్రులమాత్రమెకాదుమూడుతరాలవారిరూపంఅక్కడఉంటారనిచెబుతుందిశాస్త్రంతండ్రివసురూపంలోతాతగారురుద్రముత్తాతగారుఆదిత్యరూపంలోఉంటారనివారిఅందరినీత్రుప్తిపరచవలసినబాధ్యతనేమనముపితృఋణంఅంటాముఅలాగేఇటువంటిప్రక్రియనిత్యంజరిగేట్టునువ్వువారసులనుకనాలిఅప్పుడేఇదినిరాటంకంగాసాగుతుందివారందరికీస్వాంతనకలిగేట్టుమనంచేసేపిండప్రదానంవారినిఆనందపరచిమనకుతిరిగిఆశీర్వాదరూపంలోతిరిగివస్తుందివారుఅప్పటికేమరొకజన్మతీసుకున్నట్టుఅయితేవారికిఆసమయానికిఅదృష్టంగాఅందుతుందిఒకొక్కసారిమనకుఒకలాటరీతగలవచ్చులేదాపెద్దకష్టాలలోఉన్నప్పుడుఒకమంచిఅదృష్టంఏదోకలిసిరావచ్చునుఅంటేమనపూర్వజన్మలోమనవంశంవారుమనలనుఉద్దేశించిశ్రాద్ధదానాదులుచేసారనిఅర్ధంనువ్వుపుచ్చుకోవడమేకాదునీకుకూడాఆబదులుతీర్చుకోవలసినవిధిఉన్నదిఅందుకునువ్వుకూడాశ్రాద్ధంతర్పణంతప్పకవదలాలిఇదిధర్మశాస్త్రంనీమంచికోసంచెబుతున్నదినమ్మికప్రధానంనమ్మిచేస్తేతప్పకనీకుపితృదేవతలఆశీర్వాదంలభిస్తుందిపితృదేవతలనుసంతృప్తిపరచేవిధానంమనకుశాస్త్రంబోధించివుందితిలలతోవారినిఆహ్వానించితిలతర్పణంతిలలతోకలిసినపిండికానీఅన్నంగానీఉదకంతోవారికిఇవ్వాలితిలలేఎందుకుఅంటేవారికిఅందేఅదినేనుఅమెరికాలోఉన్నఒకస్నేహితునికిడబ్బుపంపాలంటేఇక్కడున్నడబ్బునిమారకంద్వారాఆన్లైన్లోఎలాపంపితేవారికిచేరుతుందోఇప్పటిసాంకేతికతచెప్పినట్టుఇదిసనాతనసాంప్రదాయంతిలలతోస్వధాకారంతోఇచ్చినశ్రాద్ధతర్పణాలువారికిచెందుతాయిఎలాఅయితేస్వాహాకారంతోఇచ్చినహవనంఅగ్నిదేవుడుఒకపోస్ట్మాస్టర్లాతీసుకువెళ్లిఆఉపాస్యదేవతలకుఅందచేస్తాడోస్వధాకారంతోచేసినతర్పణంపితృదేవతలకుఅందుతుందిఒకసారిశంతనమహారాజుకుభీష్ముడుపిండప్రదానంచెయ్యబోతేశంతనమహారాజుస్వయంగానీటినుండిచెయ్యుచాపగాపరమధార్మికుడైనభీష్ముడుశాస్త్రంఈవిధంగాచెప్పలేదనినీటిలోనేవదిలిఆయనకుఅందేలాచేస్తాడుశాస్త్రంచెప్పినవిధంగావదిలినతర్పణాలుపిండాలుపితృదేవతలుకర్మభూమిఅయినమనదేశంలోమాత్రమెగ్రహింపగలిగేశక్తిపితృదేవతలకుఇచ్చాడుభోగభూముల్లోచేసినతర్పణాధులువారుస్వీకరించలేరుఏమికర్మభూమిమాత్రమెఎందుకుఅంటేఈలోకానికిఉదరంలాంటిదిఈకర్మభూమిఇక్కడచేసినకర్మలుమాత్రమెవారికిచేరుతాయిఆపస్థంభగృహ్యసూత్రములలోఆచారకాండలోఐదురకాలశ్రాద్ధకాండవున్నదిసాపిండీపిండప్రదానంసంకల్పఇద్దరుబ్రాహ్మణులకుసంకల్పపూర్వకంగాపెట్టేదిబ్రాహ్మణభోజనఒకబ్రాహ్మణునికితర్పణంసకల్పసహితంగాఉపాదానస్వయంపాకంఅశ్రుతశ్రాద్దేషుచెయ్యలేకపోతున్నాతండ్రీఅనిఅశ్రువులతోచెప్పుకోవడంపంచశ్రద్ధాప్రకీర్తితాఒకదాన్నికంటేఒకటిఒకొక్కమెట్టుతక్కువదిమూడులోకాలలోఎక్కడున్నాచేరేట్టుఒకపిండంనీటిలోజలచరారూపంలోస్వీకరించేవిధంగాఅగ్నిరూపంలోస్వధాకారంతోఆవుకుఆహారంగాపెట్టిఅందేట్టుమనంశ్రాద్ధపిండాన్నిపెడతాముఅలాగేవసురుద్రఆదిత్యరూపాలలోఆవాహనచేసినబ్రాహ్మణులనుత్రుప్తాస్థఅనివారికితృప్తికలిగేలాశ్రద్ధగాభోజనంపెట్టివారినిసంతోషపెట్టడంద్వారామనపితృదేవతలనుఆనందపెట్టినవారంఅవుతాముఇక్కడమనంతీసిచెప్పినవిధానంపాటిస్తేయెక్కడోఉన్నమనవారికిడబ్బునగదుచేరినట్టుఇక్కడమనంచేసినశ్రాద్ధంవారికిఆహారంలాఅందివారుఆనందపడిమరలనిన్నుదీవించినీకోసందేవతలతోకూడాపోరాడినీకోసంమంచిచేస్తారుమనపితృదేవతలుశ్రాద్ధంతర్పణంఎవరికోసమోకాదుచేసుకునేదినీకోసంనువ్వుచేసుకోవడమేతప్పఇందులోనువ్వుకోల్పోయేదిఏమీలేదువస్తేమరికొంచెంపుణ్యంతప్పఅందుకుశాస్త్రంచెప్పినఈశ్రాద్ధంతర్పణంశ్రద్ధగాచేసిబాగుపడదాం
Siva,ఇంతకుముందుటపాల్లోచెప్పుకున్నట్లుఅందరూచక్కగాచెత్తనివేరుచెయ్యటంకంపోస్టుచెయ్యటంఅలవాటుచేసుకుంటేనిజంగాకొద్దికాలంలోనేచాలామార్పునిచూడొచ్చుచెయ్యటానికికష్టంఅనుకోవటానికికూడాలేదుకొన్నిపశ్చిమయూరోప్దేశాలలోఇదిచాలామామూలువిషయంఅక్కడప్రతిమున్సిపాలిటీదీన్నిఖచ్చితంగాపాటించటంవల్లఅందరూఅలవాటుపడిపోయారునిజానికిఅక్కడఈఒక్కవిషయంలోనేకాకచాలావిషయాలలోపర్యావరణస్పృహకనిపిస్తుందిఎంతలగ్జరీజీవితంగడుపుతున్నాసొసైటీలోఏస్థాయిలోఉన్నాసరేచాలామందినిఅప్పుడప్పుడుఆఫీస్కిసైకిల్మీదరావటంచూస్తాముఅలాగేమనలావారికిఅంతగాఎండలేకపోయినాసోలార్ఎనర్జీనిఎక్కువగావినియోగించుకోవటానికిప్రయత్నిచటంలాంటివిఎన్నోమనంచూడొచ్చుమరిఇక్కడమనంచిన్నచిన్నపల్లెటూర్లలోకూడాఊరిచివరపోగుపడుతున్నప్లాస్టిక్కుప్పలనిచూస్తూనేఉన్నాంమారుమూలగిరిజనపల్లెలలోకూడాటూరిస్టులపుణ్యమాఅనిప్లాస్టిక్వాడటంపెరిగిపోయిందివాడాకమామూలుచెత్తతోకలిపిపారెయ్యటంచెత్తకుప్పపెద్దదయ్యాకఅప్పుడప్పుడుతగలబెట్టటంఅంతేపోల్చిచూసుకుంటేచాలాబాధగాఉందికదాఅవునుఅనిపిస్తేమీరుఈటపాచివరివరకుచదవాల్సిందేకాదుఅనిపిస్తేప్రకృతిపట్లనిజంగాబాధ్యతఅంటేఏమిటోమీరుతెలుసుకున్నట్లేగందరగోళంగాఉందికదూకొంచెంవివరంగాచెప్పాలిఅందుకేఈసిరీస్లోఈచివరిటపాప్రత్యేకంగావ్రాస్తున్నానుఓపికచేసుకునిఒకసారిమనసుపెట్టిచదవండిఅసలుపర్యావరణస్పృహప్రకృతిపట్లప్రేమవగైరావగైరామాటలుఈమధ్యకాలంలోఎక్కువగావింటున్నాంకదావీళ్ళందరూఎక్కువగాఏమిచెప్తున్నారోఒక్కసారిచూద్దామాచెత్తనువేరుచెయ్యండిచెట్లుపెంచండివన్యప్రాణులనుప్రేమించండిఅడవుల్లోటూర్కివెళ్ళినప్పుడుప్లాస్టిక్వాడకండిబయోడిజిల్లాంటివివాడండిమూగజంతువులనుపక్షులనువీలైనంతలోపోషించండిగట్రాగట్రాఇవన్నీమంచిపనులేసందేహంలేదుతప్పకుండచెయ్యాల్సినవికూడాకానిఇలాటివన్నిచేసేసినావంతుగానేనుప్రకృతిపట్లబాధ్యతగాఉంటున్నానుఅనుకుంటేసరిపోతుందాసరిపోదుకచ్చితంగాసరిపోదుపైగాఇలాంటివిమాత్రమేచేసినేనుబాధ్యతగానేఉంటున్నానుఅనుకోవటంమనల్నిమనంమోసంచేసుకోవటమేఎందుకంటేఇలాంటివిఅందరూచేసేసమాజసేవలాంటివిఅసలుసమస్యఎక్కడఉందోతెలుసుకోకుండాసమస్యమూలాల్లోకివెళ్ళకుండామనఆత్మసంతృప్తికోసంచేసేపైపైసహాయాలుఇవన్నీఒక్కసారిఆలోచించండిపర్యావరణంలోఇంతగాఈరోజుసమతుల్యతలోపించిందిఅంటేఅదిఅంతామనజీవనవిధానమేకదాఅసలునిజంగాఅన్నీమనకిఅవసరమైంతమేరకేప్రకృతినుంచితీసుకుంటున్నామాహంగుఆర్భాటాలకోసంఇంట్లోతెచ్చిపడేసుకున్నఫర్నిచర్గురించిఎప్పుడైనాఆలోచించామాఅలాఅందరిఅవసరాలకోసంఎన్నిఅడవులునరకాల్సివస్తుందోఆలోచనచేస్తున్నామాఆమాత్రంస్పృహలేకుండాఎకోటూరిజంపేరిటఅడవుల్లోషికారుకువెళ్ళటంఎవరినిఉద్దరించటానికిసైకిల్మీదవారానికిఒకసారిఆఫిస్కివెళ్తూమిగతారోజుల్లోఒక్కడేసొంతకార్లోతిరగటంఎవరినిమోసంచెయ్యటానికిఅవసరంఅయినదానికికానిదానికిఇంట్లోఎలక్ట్రానిక్ఉపకరణాలుఎడాపెడావాడేస్తూఇంటిమీదసోలార్ప్యానెల్పెట్టుకుంటేపర్యావరణమిత్రఅయిపోతామాఆకలితీర్చుకోవటానికికాకరుచులకోసంఅన్నిరకాలప్యాక్డ్ఫూడ్తెచ్చుకునితింటూవాటికవర్లుమాత్రంచక్కగారీసైకిల్చెయ్యటంబాధ్యతేనాషాపింగ్పేరిటకంటికినచ్చిందికొనిపడెయ్యటంతప్పఅలావినియోగసంస్కృతిపెరగటంవల్లప్రకృతివనరులుఎంతగాకుంచించుకుపోతున్నాయోఅనిపట్టిందామనకుమనమనఇళ్ళళ్ళోవాననీటిసంరక్షణగురించిపట్టించుకుంటున్నామాఇంట్లోఉన్నఖాళీస్థలంలోకొంతమేరకైనాకూరగాయలుఆకుకూరలుపండించుకునేఆలోచనఏమైనాఉందాఇవన్నీవినటానికికటువుగాఉండచ్చుకానీపచ్చినిజాలుమనంతెలుసుకోవాల్సిననమ్మితీరాల్సిననిజాలునిజాయితీగామనంప్రకృతినిప్రేమిస్తున్నాముఅనిచెప్పుకోగలగాలిఅంటేఅన్నిటికంటేముందుమనంమనమనజీవనవిధానాల్నిసమీక్షించుకోవాలిప్రతిరోజూపొద్దునలేచినప్పటినుంచిరాత్రిపడుకునేబోయేవరకుఅసలుమనంప్రకృతినుంచిఎంతతీసుకుంటున్నాంఅందులోఎంతనిజంగాఅవసరంఎంతఅవకాశంఅనిప్రశ్నించుకోవాలిఅంతవరకుఐలవ్నేచర్లాంటిస్లోగన్లుమానుకుందాం
వర్తమాన విషయాలపై తెలుగు జనరల్ నాలెడ్జిG.K. in Telugu on Current Events,భవీనాబెన్పటేల్హోంవిభాగాలుమీకుతెలుసాక్రీడాక్విజ్వార్తల్లోవ్యక్తులుఫేస్బుక్పేజీతెలుగులోజికెమాజనరల్నాలెడ్ఝిసీరీస్ప్రచురితక్విజ్పుస్తకాలుపోస్టుద్వారాపోస్టల్చార్జీలుఉచితంమాసీరీస్క్విజ్మరియుజనరల్నాలెడ్జిపుస్తకాలుకాలవసినవారుఇక్కడచూడండి
మోహనరాగాలు,శ్రీరామనవమిశుభాకాంక్షలతోమనసెరిగినవాడుమాదేవుడుశ్రీరాముడుమధురమధురతరశుభనాముడుగుణధాముడుమనసెరిగినవాడుమాదేవుడుశ్రీరాముడుఎరిగినవారికిఎదలోఉన్నాడుఎరుగనివారికిఎదుటేఉన్నాడుమానవుడైపుట్టిమాధవుడైనాడుతలచినవారికితారకనాముడుపిలిచినపలికేచెలికాడుసైదోడుకొలువైఉన్నాడూకోదండరాముడుమనతోడుగానీడగారఘురాముడుమనసెరిగినవాడుమాదేవుడుశ్రీరాముడుకరకుబోయనుఆదికవినిచేసినపేరుగరళకంఠునినోటతరలివచ్చినపేరుఇహపరసాధనకుఇహమైనపేరుశబరిఎంగిలిగంగతానమాడినపేరుహనుమఎదలోభక్తిఇనుండించినపేరురామరామఅంటేకామితమేతీరుకలకాలమూమముకాపాడుపేరుమనసెరిగినవాడుమాదేవుడుశ్రీరాముడుమధురమధురతరశుభనాముడుగుణధాముడుమనసెరిగినవాడుమాదేవుడుశ్రీరాముడుచిత్రంపంతులమ్మసాహిత్యంవేటూరిగారుసంగీతంరాజన్నాగేంద్రగార్లుగానంపిసుశీలగారుఆడియో
సాంకేతికాలు,ఇ౦తకుము౦దుయాహూలోరిజిస్టర్చేసుకునేటప్పుడుమనకులేదవ౦టివివచ్చేవికానీఇప్పుడుకొత్తగాయాహూరె౦డుకొత్తఇమెయిల్డొమెయిన్స్లనుఅనౌన్స్చేసి౦దిదీనివల్లమరోఉపయోగ౦కూడాఉ౦దిఉదానేనులోరిజిస్టర్చేసుకోవాలనుకున్నానుఅప్పుడుఅక్కడికివెళ్లిరిజిస్టర్చేసుకునేటప్పుడుఅనిటైప్చేసిచెక్చేసానుకానీఅదిలేదుచివరికినెంబర్లుతొకలాపెట్టుకునిరిజిస్టర్చేసుకుకోవలసివచ్చిందిఏదిదొరకకఅప్పట్లోఅలాపెట్టుకున్నానుకానిఇప్పుడువచ్చాకసి౦పుల్గాపెట్టుకున్నాఅలాఐడిదొరకకఏవోపిచ్చిపిచ్చినె౦బర్లుపెట్టుకునేవాళ్ళకుఇదిచాలాఉపయోగపడుతు౦దికానీఅనిఆల్రేడీఉన్నవాళ్ళకుదీనితోపెద్దగాఅవసర౦రాకపోవచ్చుమీకుఅవసర౦ఉ౦టేగనుకతొ౦దరగారిజిస్టర్చేసుకో౦డిలేకపోతేఅవికూడావేరేవాళ్ళుతీసుకునేఛాన్స్ఉ౦ది
ఉబుసు పోక,కేతుగ్రస్థచంద్రగ్రహణంవివరాలుగ్రహణఛాయాప్రారంభసమయంగ్రహణప్రారంభంగ్రహణఉఛ్చస్థితిగ్రహణవిరమణప్రారంభంఛాయాగ్రహణసమాప్తంభోజనాలువంటివినదాదాపుగంటలలోపుముగించుకోవాలిఅస్వస్తులుఆహారసేవనాన్నితేలికైనవిధంగాదాదాపులోపుగాముగించుకోవాలిగర్భిణిలుచక్కగాపూలుధరించివీలుచేసుకునిగ్రహణసమయంలోఇంట్లోదీపార్చనచేస్తేఇంటియజమానికిస్రేయస్కరంమేషరాశివారుగ్రహణాన్నిగమనించిశ్రద్దగాపరిశీలనచేయడానికిఅనువైనసమయంవృషభరాశివారుగ్రహణాన్నిగమనించకుండావారికిఉపదేశానుసారంగామంత్రయంత్రతంత్రజపానలుసాధనలనుచేసుకోవాలిగ్రహణానంతరంతలస్నానంచేసిసూర్యోదయంతరువాతచంద్రనికిఓనూలుపోగునిసమర్పించాలిపసుపుపూసినదైతేశ్రేష్టంమిధునరాశివారుగ్రహణాన్నిచూడరాదుసాధనకిఇదిఅనువైనసమయంతమఉద్దతినికోరుకునిఇష్టదైవానుగ్రహంగాసూద్రులకుగానీవైశ్యులకుగానిదానమిస్తేశ్రేష్టంకర్కాటకరాశివారికిఈగ్రహణంనిమిత్తమాత్రంగాఉంటుందికావునఅశ్రద్దచేయకుండాసత్కర్మలుచేయకపోయినాసమ్మతమేకానీప్రయత్నపూర్వకంగావికల్పాలకుదూరంగాఉంటేవారికిశ్రేయస్కరంసింహరాశివారికిఈగ్రహణప్రభావందుష్కరమలనిర్మూలనకుపనికివస్తుందికావునఅంతవరకూతెలిసిచేసినదుష్క్రుత్యాలకుపశ్చాతాపంచెందిపునరావృత్తంకాకుండాఉండటానికిఅనువైనసమయంగాపనిచేస్తుందిఈసమయంలోవీరుక్షత్రీయులకుదానంఇస్తేశ్రేష్టంకన్యరాశివారుకూడాఈగ్రహణసమయానికిపూజామందిరందగ్గరలోఉంటేశ్రేష్టంవీరుగ్రహణాన్నిదర్శించరాదుమరునాడుతలస్నానంచేసివారిఇష్టదైవప్రీత్యర్దంవైశ్యులకుదానంఇస్తేమంచిదిగ్రహణానంతరంమీనరాశివారితోగ్రహణవిషయాలనుచర్చించిఅధ్యయనంచేస్తేఇరువురికీమంచిదితులారాశికూడాఈగ్రహణాన్నిదర్శించరాదుమరునాడుతలస్నానంచేసిరావిచెట్టునకుప్రదక్షణలుచేస్తేమంచిదిగ్రహణానంతరంవృశ్చికరాశివారితోగ్రహణవిశేషాలనుచర్చించిఅధ్యయనంచేస్తేఇరువురికీమంచిదివృశ్చికరాశివారికివిధ్యార్దననిమిత్తంగ్రహణాన్నిపూర్తిగాఅభ్యసించాలిమరునాడువీరువృషభరాశివారితోచర్చించడంఇరువురికీశ్రేయస్కరంధనురాశివారుకూడాఈగ్రహణాన్నిదర్శించరాదుమరునాడువీరువృషభరాశివారితోకలిసిమేషరాశివారితోగ్రహణవి్శేషాలనుచర్చించిఅధ్యయనంచేస్తేమువ్వురికీమంచిదిమకరరాశివారుకూడాగ్రహణాన్నిదర్శించకపోవడమేశ్రేయస్కరంవీరుసింహరాశివారికిదానంఇస్తేలేదాపుచ్చుకుంటేఇరువురికీమంచిదికుంభరాశివారుకిఈగ్రహణంఅశుభాన్నికలిగించడానికిఅవకాసాలుఎక్కువగాఉన్నాయికావునఈరాశివారుఈగ్రహణానికిఅత్యంతదూరంగాఉంటేవారికిశ్రేయస్కరంపూర్తిగాఉపవాశంఉండిసాధనచేసుకోవాలిమీనరాశివారుకూడాఈచంద్రగహణాన్నిఅధ్యయనసాధనలకుఅనుకూలమైనసమయంగాతీసకుంటేమంచిదికావునవీరుతప్పనిసరిగాదర్శించివిషయాలనుయధావిధిగాఇతరులతోపంచుకోవాలిచక్రవర్తిజ్యోతిష్యవిద్యార్దిఈవిషయాలకునేనుమాత్రమేభాద్యుడనుకావునఎవ్వరికిఎటువంటిఅసౌకర్యంకలిగినాఅందుకుపూర్తిభాద్యతనాదేఅనిగమనించగలరుఇచ్చినసమయాలుభారతకాలమానప్రకారంఇవ్వబడ్డాయిఅంటేఏఏప్రాంతాలవారువారివారిప్రాంతాలఅనుగుణంగామార్చుకోవాలిఅన్నమాటఉదాహరణకుభాగ్యనరవాసులునిమిషాలసెకన్లసమయాన్నితీసేయ్యాలన్నమాటవినదగునెవ్వరుజెప్పినన్వినినంతనేవేగిరపడకవివరింపదగున్కనికల్లనిజముదెలిసినమనుజుడేపోనీతిపరుడుమహిలోసుమతి
My College Life!!,ప్రేమఈపదంప్రతిఒకరికిసుపరిచితమేదీనినిఎలావర్ణించినతక్కువేఅవుతుందిఅసలయినప్రేమరాయినయినకరిగిస్తుందిఅంటారుమనపెద్దలుఇదికొందరినిఉన్నతస్థానానికిచేరుస్తుందిమరికొందరినిఉన్మాదులనుచేస్తుందిప్రేమఅనేదిఒకశాశ్వితమైనభావనఅలాంటిప్రేమభావననాజీవితానికిఒకలక్ష్యాన్నిఇచ్చిందినాలోఉన్ననిస్రుహనుపోగొట్టిందికానీఆభగవంతుడునాప్రేమకుమరోప్రేమకుముడిపెట్టిపరీక్షిస్తున్నాడుఈపరీక్షలొతనుగెలవాలనికోరుకుంటున్నానుఅదేవిదంగానేనుగెలవాలనిఆశపడుతున్నానుఈసమయంలోనేనుకొన్నికోల్పోయానుమరికొన్నితెలుసుకున్నానుఅవేమిటోచదవండివసంలోనేనుకలగన్ననాస్వప్నాన్నినెరవేర్చుకోవాలనేఅశతోఓప్రయివేటుడిగ్రీకాలేజీలోచేరానుమొదట్లోనేనుఎవ్వరినిపట్టించుకొనేవాడినికానునాకుస్నేహితులుకూడాతక్కువేదానికికారనంఓస్నేహితుడుచేసినమోసంఅప్పటినుండిఆవిషయంలోఎన్నోజాగ్రత్తలుతీసుకున్నానుఅందుకనేచాలాతక్కువమందిస్నేహితులయ్యారుఇలాదాదాపుగానేనుచేరినఆరునెలలవరకునేనునాచదువునేనుఅన్నద్యాసలోఉండేవాడినిఆతరువాతనేనాప్రక్కనఉన్ననాక్లాస్మెట్స్ద్వారాఓఅమ్మాయిపేరువిన్నానుఅదేనేనుమొదటిసారిగవినినఅమ్మాయిపేరుఆకాలేజీలోఅలాచదువుద్యాసలోఉండిపోయిఉండేవాడినితరువాతకూడనాక్లాస్మేట్స్తనుగురించిచాలామంచిగమాట్లాడుకొనేవాల్లుఆమాట్లలొఎంతవాస్తవంఉందోతెలుసుకోవాలనేఆప్రయత్నంలోఆఅమ్మాయినిజంగానేమంచిదనితేలిసిందిఆతరువాతఆఅమ్మాయికాలేజిదగ్గరకనిపించగానేనామనసుఎంతోఉల్లాసంగతననుస్వాగతించేదిఅలాతనమీదఏర్పడినఅభిప్రాయంరానురానునాలోఓఅసంకల్పితచర్యగమారిపోయిందిఅదిఎలాంటిదంటేతనుఒక్కరోజుకాలేజీకిరాకపోయేసరికినాలోఉత్సాహంనీరుగారిపోయేదిఆతరువాతనేనుకాలేజీకితనకోసంవెల్లేవాడినేమోఅనిఅన్పించేదిఆభావనేనాలోఓప్రేమగమారిందిఆప్రేమనాలోకూడాఓమంచిప్రేమికుడుఉన్నాడనితెలియజేసిందిఅలాకొంతకాలానికినేనుతననుప్రేమిస్తున్నాననేవిషయాన్నితనకుచెప్పేయాలనిఅనుకున్నానుఅలాఅనుకున్నకొద్దిరోజులుకేతనకుఆవిషయాన్నిచెప్పేసానుఅదేనేనుతనతొమాట్లాడటంమొదటిసారిగఆసమయానఅందరిలాగేతనుస్పందించిందిఅక్కడితోనాగుండెల్లోఉన్నబారాన్నితగ్గించుకున్నాననిబాగసంబరిపడిపోయానుఆతరువాతఅదేనాజీవితానికిఒకమలుపుకాబోతుందనిఊహించలేకపోయానుఅలాతనునామనసులొనాటుకపోయిందిఎప్పుడునాఆలోచనలుతనగురించేఅలాకొంతకాలానికినేనువాల్లకుటుంబవిషయాలనుకూడాసేకరించగలిగానుఆసమయంలోనేవాల్లఇంటికికూడామూడుసార్లువెల్లివచ్చానువాల్లఅమ్మవాల్లునన్నుఎంతోబాగపలకరించారునేనుతననుప్రేమిస్తున్నవిషయంవాల్లకుతెలియదువాల్లసంతానంలోతనేమొదటపెల్లిచేసుకోవలసిఅమ్మాయితనకుఓచెల్లిఅన్నఆవిషయంతలుసుకున్నప్రతిసారినామనసుపెట్టేవేదననుఅనుభవించేవాడినిఅలాగనిఆసమయంలొఎంతోసహనంతోఉండేవాడినిఅలాచూస్తూఉండగానేదాదాపుగపరీక్షలుదగ్గరికివచ్చేసాయికేవలంఅప్పటికిఒక్కనెలమాత్రమేమిగిలిందిపరీక్షలకుతన్నుప్రేమిస్తున్నప్పటినుండిబాగచదవాలనేఉద్దేశంఉండేదికానిపుస్తకంఎత్తుకుంటేఎప్పుడుతనేగుర్తుకువచ్చేదిఈప్రేమబ్రమఅయిఉంటేబాగున్నుఅనిఏన్నోసార్లుఅనుకున్నానుఅలానాచదువునునిర్లక్ష్యంచేసుకుంటువచ్చానుదానిపలితంకనీసంపరీక్షలుకూడాపూర్తిగవ్రాయలేదుఅలాపరీక్షలనువాయిదవేసుకున్నానుతరువాతసెలవుల్లోకూడానేనుఇంటికివెల్లలేదుఅదేసమయంలోనారూమునికూడావాల్లఇంటికిదగ్గరగానేతీసుకున్నానుఆరూముదగ్గరకూడాతనుఒక్కక్షణంకనిపించకపోయిననేనుతట్టుకోలేకపోయేవాడినిఅలానిజాయతీగప్రేమిస్తుండేవాడినినాలోఉన్నప్రతిఫీలింగునుతనకుచూపించేవాడినితనుగమనించిందోలేదోకూడానాకుతెలియదుఅలాగనితననిఏరోజువెంటపడివేదించలేదుకనీసంబయటకూడామాట్లాడలేదుతనకునావల్లఎక్కడచెడ్డపేరువస్తుందొఎమోననిఆలోచించేవాడినిఅలాచూస్తూఉండగానేరెండోసంవత్సరంకూడాఅయిపోవచ్చిందిఎంతగచదవాలనిఅనుకున్నాచదవలేకపోయానుతనతోఅప్పుడప్పుడుమాట్లాడేవాడినితనూమాట్లాడేదిఓస్నేహితునిలాగతనచదువుకునేనుఎప్పుడుఅటంకంకాకూడదనిఎప్పుడుఅలోచించేవాడినిసరిగ్గాఅప్పుడేనాప్రేమకుపోటీఏర్పడిందితనూఅతనితోమాట్లాడేదిఅతనుమాట్లాడితేనేతనూమాట్లాడేదిఅంతేఈపరిచయాన్నిచూసినస్నేహితులుఎందరోఎప్పటికెప్పుడునన్నుహెచ్చరించేవాల్లుతనులేనిజీవితాన్నినేనుఊహించలేకపోయేవాడినితనుఅంటేఅంతప్రేమతనుఐసెట్కోచింగుకుచేరితేతనుచేరినచోటచేరానుఅలారెండవసంవత్సరంకూడాగడిచిపోయిందినాజీవితానికిఅసలయినమలుపుమూడవసంవత్సరంమొదలయిందిఈరెండుసంవత్సరాలునాచదువునుపూర్తిగమరచిపోయానుతనద్యాసలోపడిఅలాఉండంగసరిగ్గాఅప్పుడేమాకాలేజీప్రిన్సిపాల్గాకొత్తవారువచ్చారుదానివలనమాకుఏరోకారోజుపరీక్షలుపెట్టేవాల్లుఆసమయంలోకూడాప్రేమముందుఓడిపోయానుఅలాఉండంగాసప్లమెంటరీపరీక్షలుకుప్రిపేరుకావాలనిబాగకష్టపడ్డానుసరిగ్గాఅదేసమయంలోఒకరోజుఫిజిక్స్పరీక్షవ్రాయలేదుదానికిఆమేడంతనకుఇష్టంవచ్చినట్లుమాక్లాసులోఅందరిముందుబాగఅవమానించిందిఅందరిముందుకన్నాతనముందుఅవమానించిందనేబాదనుభరించలేకపోయానుఆరోజునుండినేనుకాలేజీకిపోలేదుతరువాతఅలామద్యంతరంగాడిగ్రీనినిలిపివేసినందుచాలాబాదపడ్డానుఇంట్లోవాల్లుఎన్నోసార్లుసర్దిచెప్పారుకాలేజీకిపోమనికానినామనసుదానికిఅంగీకరించలేదుఆసమయంలోనేనుఎంతోమనోవేదననుఅనుభవించానుఎంతలాఅంటేఆత్మహత్యచేసుకోవాలనేస్థాయికికానిఆఆలోచననుచంపేసానుదీనికికారణంనేనుచదివినపుస్తకాలుఆతరువాతచేయాలనుకున్నానుఅక్కడావిదినన్నువెక్కిరించిందికానిదీనినిసాదిస్తాననేనమ్మకంఉందిఅలాఉద్యోగవెదుక్కుంటూబెంగళూరుకువెల్లానుఅక్కడఉద్యోగంచేస్తుఉండగాఆపరేషన్చేసుకోవాల్సివచ్చిందిఅదిస్తిమితపడటానికిదాదాపుగనెలపట్టిందినాకుడిగ్రీలోఓహాభీఉండేదిషేరుమార్కెట్గురించితెలుసుకోవడంఅదేనన్నుకాపాడుతున్నదిఆసమయంలోదానిమీదరీసర్చేచేసానుఅదేనాజీవితానికిఆత్మస్థైర్యాన్నిచ్చిందిదీనిమీదనేనుచేసినరీసర్చునుకూడామీతోపంచుకుంటానుమీతోపంచుకోలేనిఎన్నోభాదలనుభరించానుఆసమయానకూడాతననుమరచిపోలేదునేనువేసేప్రతిఅడుగుతనకేఅంకితంతనునన్నుఇష్టపడుతుందోలేదోనాకుతెలియదునేనుగెలుస్తాననేనమ్మకంఉందితనునాకుదక్కాలనిఎక్కడబడాయిగానిఉన్నదిలేనట్టుగానిలేనిదిఉన్నట్టుగాఅవేశపడితప్పుడునిర్ణయాలునుఇప్పటివరకుతీసుకోలేదుఇకమీదకూడాతీసుకోబోనుఈప్రేమవిషయంలోతనుఎలాంటినెర్ణయంతీసుకున్నమనస్పూర్తిగస్వాగతిస్తానుతనవిషయంలోనేనుఓచిరస్మరణీయప్రేమికునిగాతప్పకమిగిలిపోతానుతనుతనజీవితంలోమరెంతోఉన్నతస్తానానికిఎదగాలనిమనస్పూర్తిగకోరుకుంటున్నానుతనసంతోషంమేనాకుకావాలిఎప్పుడూమీరుగుర్తుపెట్టుకోండిప్రేమనుప్రేమతోతప్పమరిదేనితోనుగెలవలేం
Puttagunta,నవ్వునాల్గువిధాలచేటుఅనివిన్నాంనవ్వితేపోయెదేమిలెదునవ్వుతప్పఅనీవిన్నాంకానీనవ్వితేగాయపడటంఏమిటాఅనిఆలోచిస్తున్నారాఅలాంటిఒకసంఘటననాకుఈరోజుఅనుభవంలోకివచ్చిందిఅదేమిటోఇప్పుడుచూద్దాంమాడెన్వర్లోఆరునెలలతరువాతభానుప్రసాద్సూర్యభగవానుడుమళ్ళీఅధికారంలోకివస్తున్నాడుకదాఅనిఇప్పుడేదేశందాటిపోయేపనిఏమిలేదనిగజినిస్తైల్అనికొత్తఫ్యాషన్వచ్చిందికదాఅనిఅందులోనూఊరుకున్నంతఉత్తమంలేదుబోడిగుండంతసుఖంలేదుఅన్నసామెతనుపాటిస్తూకాస్ట్కట్టర్స్అనేఒకమంగళికొట్టుకివెళ్ళానుఅక్కడిక్షవరకన్యతోకట్టింగ్చేసేదిఅమ్మాయిమరిఅనిచెప్పానన్నుఅద్దంవైపుకాకుండారెండోవైపుకితిప్పికూర్చొబెట్టిగీకటంమొదలుపెట్టిందిమరిఅంటేనున్నగాగొరిగేదానికికొంచెంఇచ్చిఏదోవున్నదిఅనిపించుకునేటట్టువుంచుకోటమేకదాసగంగీకాకనన్నుఅద్దంవైపుతిప్పిఇంకోపక్కచెయ్యటంమొదలుపెట్టిందిఅప్పుడుఅద్దంలోనాముఖారవిందాన్నిచూసుకునిఈఎక్కడోచూసినట్టుందేఅనిఅనుకునిఆపైగుండుబాస్నెనేఅనిగుర్తుకువచ్చినాకుఒకపట్టాననవ్వుఅగలాయెప్పుడోచిన్నఫ్ఫుడుమానాన్నమంగలాడిదగ్గరికితీసుకెళ్ళిఇలాడిప్పకట్టింగ్వేయించేవారుఅదేఇప్పుడొకఫ్యాషన్అయ్యిందనుకోండినేనునవ్వుతూనేవున్నాఆభామగీకుతూనేవుందికాసేపటికిఈఅమ్రుతవాక్కులుఆమెనోటినుంచిజాలువారాయినవ్వాపులెదంటేగాయపడతావ్సోఅలాఈనవ్వుయొక్కకొత్తకోణంనాకుఅనుభవంలోకివచ్చిందినేనుహైదరాబద్లొవున్నప్పుడుఓంకారమూవీచూసాఅందులోసైఫ్అలిఖన్స్టైల్డిప్పకట్టింగ్నాకుమాబాగనచ్చేసిందిఅలానేనుకూడాకొట్టించుకుందాంఅనిఅప్పుడుమనసులోఒకకోరికకలిగినాహైదరాబద్లొకుక్కలుఅన్నీనావెనకేపడతాయిఅనీమరియుఇంటికివెళితేఇంట్లొవాళ్ళుతిట్టేబూతులుతట్టుకునేశక్తిలేకఆచిలిపికోరికనినామనసులొఒకమూలకితోసివజ్రోత్సవాలలోచిరంజీవిగనకఅవార్డునిపెట్టెలోపెట్టితాళంవేసినట్టునామనసులోఆపార్ట్కిగట్టితాళంవేసాచిరంజీవిఏదోపాతికేళ్ళతరువాతతీద్దాంఅన్నాడునేనుకూడాఅలాఅనుకునుంటేకొట్టిచ్చుకోకుండానేనాదిబోడిగుండుఅయ్యేదినాకోరికనాలోనేసమాధిఅయిపోయేదిఅమెరికావచ్చినందుకుఅలాఅంతనిరీక్షించాల్సినఅవసరంలేకుండానేఅదిఈవిధంగాసాకారంఅయ్యినందుకుఆనందంగావుందిముఖ్యంగాఈటపారాయటానికికారణంరేపుఆఫీస్లోవిహారిగారినికలిసినప్పుడుషాక్ఇవ్వటంఇష్టంలేకఆషాక్కిగురైఆయనతనతరహామానేసిఎమన్నపిచ్చిపిచ్చిగారాయటంమొదలుపెడతారేమోఅనిఈప్రమాదఘంటికమోగించడమైనది
Rama-Santhi,కావలసినపదార్థాలుబియ్యంరైస్కప్పులుపాలకూరఒకపెద్దకట్టఉల్లిపాయలుపెద్దదిఒకటిపచ్చిమిరపకాయలుజీడిపప్పుకప్పుమిరియాలుచెంచాలవంగాలుమినప్పప్పుచెంచాఆవాలుచెంచాజీలకర్రచెంచాఉప్పుతగినంతగరంమసాలాపొడిచెంచాతయారుచేయువిధానంముందుగాఅన్నంవండుకోవాలిమిరియాలనిపొడిచేసుకోవాలిపాలకూరనిశుభ్రంగాకడిగితరగాలిఈపాలకూరతరుగుపచ్చిమిరపకాయలుఉల్లిపాయముక్కలుజీడిపప్పుమిక్సీలోవేసిముద్దలాతిప్పాలిమూకుట్లోనూనెవేసిలవంగాలుమినప్పప్పుఆవాలుజీలకర్రవేయించిఅవిబాగావేగాకఈపాలకూరముద్దనివేసిబాగాకలపాలిఇప్పుడుమంటనికాస్తతగ్గించిఈముద్దనినిముషాలుబాగాఉడకనివ్వాలితరువాతఇందులోతగినంతఉప్పుమిరియాలపొడిగరంమసాలావేసిబాగాకలపాలిఇప్పుడుఇందులోఉడికించినఅన్నంవేసిఅంతాబాగాకలపాలిమంటమరికాస్తతగ్గించిమధ్యమధ్యలోకలుపుతూఒకనిముషాలుఉంచాలిఉప్పుఅవీచూసుకునిఇంకఆపెయ్యచ్చుఇదితయారుఅయ్యాకఒకపావుగంటఅయినామూటపెట్టిఉంచాలిదీన్నితయారుచేస్తున్నప్పుడుఇదిబాగాముద్దగాఉన్నట్టుఉంటుందికానీకాసేపుఅలాఉంచితేఅన్నంఆపాలకూరముద్దనిపీల్చుకునికాసేపట్లోవిడివిడిగాఅవుతుందిగమనికలుపోపులోపాలకూరముద్దవేసేముందుఅల్లంవెల్లుల్లిపేస్టుకూడావేసుకోవచ్చుకానీఆఫీసులోడబ్బామూతతీయగానేఘాటుగావాసనరాకుండాఉండడానికిదీనినినేనువేయనుపోపుఇలాగేవెయ్యాలిఅనినిబంధనఏమీలేదుఇదినాసొంతకల్పనమీకునచ్చినట్టుమీరువేసుకోవచ్చుపోపులోజీడిపప్పుకూడావేసుకోవచ్చుకానీముద్దతిప్పినప్పుడువేశాముకాబట్టిదానికిబదులువేరుశనగగుడ్లువేసుకోవచ్చుఅదేవిధంగావండినఅన్నాన్నికలపడానికిబదులుబియ్యాన్నిఉడికించినపాలకూరముద్దలోవేసికూడావండుకోవచ్చుమీకుఏదిసులువుఅయితేఅదిమాఇంట్లోమాస్నేహితులలోఈవంటకంచాలాప్రాచుర్యంపొందిందిపిల్లలుకూడాఎంతోఇష్టంగాతింటున్నారుపాలకూరముద్దతిప్పినప్పుడుపచ్చిమిరపకాయలుబాగాతగ్గించుకునిఅలాగేనేతిపోపువేసివాళ్ళకిఈవంటకంచేసిపెడితేఎగరేసుకుపోతారుఅనినాఅనుభవంచెబుతోందిపైగాఎంతోఆరోగ్యంకూడాను
ఇండియన్ తెలుగు అసోసియేషన్,యాహూతెలుగువెబ్సైట్చెన్నైఏజెన్సీశనివారంమార్చిరాష్ట్రాన్నిమూడుగావిభజించడంశ్రేయస్కరమేనాఅనేఅంశంపైఆన్లైన్ద్వారాప్రజాభిప్రాయంసేకరించనున్నట్టుఇండియన్తెలుగుఅసోసియేషన్ప్రకటించిందిరాజకీయనేతలుతమఅభిప్రాయాలనుప్రజాభిప్రాయాలుగాచెబుతున్నందునతాముఈఅభిప్రాయసేకరణజరపాలనినిర్ణయించామనితెలిపిందిఆసంస్థవ్యవస్థాపకఅధ్యక్షుడునగేశ్చెన్నైలోఓప్రకటనవిడుదలచేస్తూతమవెబ్సైట్లోప్రవేశించడంద్వారాఈఅభిప్రాయసేకరణలోపాల్గొనవచ్చన్నారుమైక్రోపోల్ద్వారానిర్వహిస్తున్నఈపోల్ఫలితాన్నిమేనవిడుదలచేస్తామనివెల్లడించారుతెలుగువారుఎక్కడనివసిస్తున్నారనేవిషయంతోనిమిత్తంలేకుండావారిఅభిప్రాయాలనుసేకరించేలాఈసర్వేనిర్వహిస్తున్నామనితెలిపారుఎవర్నీఇబ్బందిపెట్టాలనేఉద్ధేశంతోతాముఈఅభిప్రాయసేకరణజరపడంలేదన్నారు
varaprasadvv,విస్వనద్గారుహౌరఉ
Bhakti Ganga by Shri Dattaswami (భక్తి గంగ),ఈబ్లాగులోనిఅన్నిభక్తిగంగభజనలనుఇక్కడడౌన్లోడ్చేసుకోండి
Yogi History,యోగిఆత్మకధ
శంఖారావం,బంధంవృద్ధిమార్పుమనిషిజీవితంలోసాధించవలసినవాటిలోఎక్కువమందివృద్ధికిఅధికప్రాధాన్యతనిస్తారువృద్ధిఅంటేసామాజికమైనవిజయంధనాన్నిగుర్తింపునిసాధించడంమనిషితనప్రాధమికఅవసరాలనుతీర్చుకోవడానికిసమాజంలోగౌరవప్రదంగాజీవించడానికికావలసినవస్తుసదుపాయాలనుసమకూర్చుకోవడానికిధనార్జనకుపూనుకుంటాడుఆక్రమంలోనేసామాజికకార్యకలాపాలలోతనవంతుపాత్రనుకూడాపోషిస్తాడుఒకస్థాయికిచేరేవరకుమనిషితనకున్నసమయంలోశక్తిలోసింహభాగందీనికేకేటాయిస్తాడుఇంతవరకూఎవరికైనాతప్పదుకొందరుజీవితాంతంకష్టపడినాఇంతవరకూకూడాచేరుకోలేరుఅదివేరేచర్చదీనితోమనిషిఆర్ధికకష్టాలుతీరతాయిసామాజికంగాగుర్తింపుగౌరవందక్కుతాయిఇలావిజయంసాధించినవారిలోఎక్కువమందికిఆగుర్తింపుగౌరవంఒకవ్యసనంగామారతాయిదీనితోఅలాంటిగుర్తింపునివ్వనిజీవితపుమిగతాఅవసరాలనునిర్లక్ష్యంచేయనారంభిస్తాడునిజానికిఆర్ధికసమస్యలకన్నాఏగుర్తింపులేనిఅనామకత్వపుఅవమానాలబాధకన్నాఎక్కువసమస్యలుఎక్కువబాధలుమనిషికిఇతరులతోతనకున్నబాంధవ్యాలకోణంనుండికలుగుతాయిఐతేఆబాధలుచుట్టుముట్టేవరకువాటిగురించిఎవరూఆలోచించరుఎందుకంటేమనిషితనఅవసరాలనుతీర్చుకోవడానికినలుగురిలోగుర్తింపుతెచ్చుకోవడానికిసమాజంలోతనవంతుపాత్రపోషించడానికిధనార్జనచేయకతప్పదుకానీఅటువంటిప్రేరేపకమేదీమనిషికిబాంధవ్యాలకోణంలోఉండదుఅందుకేదానినినిర్లక్ష్యంచేస్తాడుమనిషికిఆర్ధికేతరంగాఒక్కబాంధవ్యాలకోణంలోనేకాకమరోకోణంనుండికూడాసమస్యఎదురౌతుందిఅదేకాలంతోపాటుమారలేకపోవడం
అక్షరార్చన,అన్నీపంజరాలునువ్వేనీచుట్టూకట్టుకున్నవినిన్నుప్రతిబింబించనిఅద్దాల్లోఇమిడిపోయావుపచ్చికపైఎప్పుడునడిచావోఉషోదయాలెప్పుడుచూశావోఅకాశాన్నిఅబ్బురపడుతూగమనిస్తూరాలిపడేతారలనుకనుగొన్నావోలేదోఒకనిర్మలమైనరాత్రినీలోకినువ్వుతొంగిచూసుకున్నావోలేదోఅన్నీపంజరాలేనీకునువ్వుకట్టుకున్నవేఅక్కడేఅందులోనేస్వేఛ్ఛగావిహరిస్తున్నావుప్రకృతినీవువేరుకాదనీమమేకమవ్వమనీఆహ్వానించేదెవ్వరునిన్నుబంధించినదెవరునీమోహంతప్పనిన్నువిడిపించేదెవ్వరునువ్వుతప్పశ్రీనివాసమౌళి
రవి నుంచి ఓ కిరణం,ఈరోజునాకుచాలాబాధగాఉందిఓరెండునెలలక్రితంఇంటికిరెండుబంగారుచేపలుతెచ్చానుచాలాచిన్నపిల్లలువాటిపేర్లుకూడాపెట్టాముపెద్దదిసుమతికాస్తచిన్నదికాలమతివాటికితిండిపెట్టినప్పుడుసుమతికాస్తతెలివిగాకుండీమధ్యలోఉండిముందేవేసిందివేసినట్టుతినేసేదిఅందుకేదానికిఆపేరుచాలాగాఉండేవిఒకదానివెంటఒకటిపడుతూకుండీలోపెట్టినకృత్రిమమోక్కలుగవ్వలతోఆడుకుంటూవాటికిమామొఖాలుకూడాగుర్తేప్రతీరోజూకల్లామేముహాల్లోకిరాగానేఅవితిండికోసండాన్సుమొదలెట్టేవివేరేఎవరైనావస్తేమొక్కవెనకాలదాక్కునేవిఎప్పుడైనామాఆవిడవేలుపెడితేతాకనిచ్చేవికూడాఇక్కడచూడండిఎంతముద్దుగాఉన్నాయోఈరోజునాఅజాగ్రత్తవల్లచేపపిల్లలుఅకస్మాత్తుగాచనిపోయాయినీరుమార్చేటప్పుడుమొత్తంఅంతాఒకేసారిమార్చకూడదుఈరోజుపొరపాటునపాతనీరుఅంతాపారపోసేసానువాటినికొత్తనీటిలోవేయగానేపాపంఆచిట్టిప్రాణాలుఓగంటఅవస్థపడ్డాయ్మాకుసంగతిఅర్ధమయ్యేలోపుఅంతాఅయిపోయిందిఇకబుధ్ధొచ్చిందిమళ్ళీఇలాచేపలనీఇంట్లోకితేనువాటిప్రాణాలతోచెలగాటంఆడేహక్కుమనకులేదనితెలుసుకున్నాను
Poetic Musings,ఇల్లంటేసమాజంవేదనేవేదాంతంఅనిచెప్పిఅందరిలాకాకుండాఅందరికోసంఆలోచించడంనేర్పిమాబతుకుల్నిబుగ్గిచేసిఈకాలపుట్రెండ్కిఅవుట్డేటెడ్అవుట్ఫిట్స్గామాలాంటివాళ్లనిమిగిల్చినమానసికరుగ్మతనేటిజనతకుఅవసరంలేనిఘనతమాఖర్మఫలంశ్రీశ్రీగారికిజయంతోవర్ధంతోఏదైతేనేంఓక్షణంమననంకేశవ్
మానసవీణ,తెల్లపేజీలమీదున్నఎగుడుదిగుడుజీవితాన్నిరూళ్ళపేజీలపుస్తకంలోకిఎక్కిస్తున్నప్పుడల్లాఒకదీపాన్నిఅరచేతిలోఎత్తిపట్టుకుంటావుగాఅప్పుడుఅనుకుంటానుఆగరుకుచెంపలమధ్యవాలినకుదురైననవ్వునిచూస్తూచాలాగట్టిగాఅనుకుంటానునేనెవరోఆనానించిపారిపోవాలనికొన్నినిస్సహాయతలూఅనేకచీకట్లూకలిసివేసినతోవలవెంటఅపసవ్యాలబలవంతపుఅడుగులూఈఆనవాళ్ళన్నీవిరిగినఅద్దంలోకివిసిరేసిమెల్లగానానించినేనుతప్పించుకుపోవాలనినీకుతెలియడంకోసమేజీవితంమొదటికంటావెళ్ళిమళ్ళీబతికిరావాలనీకేవలంఅందుకోసమేనానించినేనువెనక్కిపారిపోతుంటానావేసవివెళ్ళాకకూడాభళ్లుననవ్వుకుంటూపూచేబొండుమల్లెల్లాఇక్కడోనేనూఅక్కడోనేనూసీమచింతకాయలవాటాలేస్తూకొత్తరిబ్బన్లకోసంమారాంచేస్తూఅమ్మకోసంగవ్వలేరుతూవోణీకొంగుకిందవానలోతడుస్తూనానమ్మచేతికర్రనవుతూగాబునీళ్ళలోజాబిల్లినిముద్దుచేస్తూపదిలంగాదాచుకునిఅప్పుడప్పుడూముచ్చటగాచదువుకునేవాక్యాల్లాంటినేనుఆపరుగులోఎదురవుతున్నానువదిలేయాల్సినవిసరేమరివొడిసిపట్టుకునిఎప్పటికీఅట్టిపెట్టేసుకోవాల్సిననాక్కావాల్సిననేనువాయిల్చీరకుచ్చిళ్ళలోవెన్నెలపాటలుపాడుతున్ననీకుమరొక్కసారిపరిచయమవ్వనీనేనంటేతప్పొప్పులనేననిఅర్ధమవ్వనీఉదారంగాగదిలోకివీస్తున్ననిమ్మచెట్టుగాలినికాస్తముఖానికిరాసుకుంటూపైకిలేచిముద్దుపెట్టుకున్నావుచూడూఎందుకనోకాస్తచెప్పవూమొదటిప్రచురణసావనీర్జులై
FunCounter.Com,నచ్చితేనలుగురికీచెప్పండినచ్చకపోతేనాకుచెప్పండి
తెలుగు లో మీ ముందుకు...,తెలుగుసినీపరిశ్రమమొత్తంబ్రదర్స్అవాక్కయ్యిందిసినీవిమర్శకులకిదిమ్మతిరిగిమైండ్బ్లాక్అయిందికొన్నిపాతఙ్ఞాపకాలుగుర్తుకొచ్చికొంతమందిసినీప్రేమికులకివెన్నులోచలినెత్తిమీదఎండకాలికిందదురదఒకేసారిపుట్టినఫీలింగ్కలిగిందివీటన్నిటికీకారణంఒక్కటేపాపిరాజుమళ్ళీవచ్చాడుఐదేళ్ళక్రితంఒకఅనూహ్యసినిమాతీసికొన్నిఅరుదైనరికార్డులనిఅడ్డదిడ్డంగాబద్దలుకొట్టికొన్నిఅనివార్యపరిస్థితుల్లోఅఙ్ఞాతంలోకివెళ్ళిపోయిఇన్నేళ్ళుగాఅదృశ్యమైనపాపిరాజుసడెన్గాఇన్నాళ్ళకితెరమీదకివచ్చాడువస్తూవస్తూనేఒకసంచలనాత్మకమైనకాంబినేషన్కితెరలేపాడుతెలుగుసినీపరిశ్రమనిఒకఅత్యంతకీలకమైనమలుపుతిప్పబోయేరైటర్గాఅందరూఊహిస్తున్నయువరచయితహితేష్చెప్పినప్రేమకథనేమళ్ళీచెప్పితర్వాతిసినిమాలోమళ్ళీచెప్పిఒక్కలైనుకూడాకథమార్చకుండామళ్ళీమళ్ళీచెప్పిచెప్పినప్రతిసారీబాక్సాఫీసునిచితక్కొట్టేప్రేమకథలడైరెక్టర్తేజస్విలకాంబినేషన్లొతననాలుగోసినిమాఅనౌన్స్చేసాడుపాపిరాజువిడివిడిగాహ్యాట్రిక్హిట్లుకొట్టినవీళ్ళిద్దరినీతొలిసారికలుపుతూపాపిరాజుప్రారంభించినసినిమాఅతనికిమంచికంబ్యాక్ఫిలింఅవుతుందనేఅందరూఅంచనావేశారుఅయితేనాకుఊహతెలిసినప్పటినుంచీఅంటేఇవివిసత్యనారాయణఆమెసినిమారిలీజ్అయినప్పట్నుంచిటాలీవుడ్లోఇలాంటిఅంచనాలునిజమవడంనేనెప్పుడూచూడలేదుఇంతకీఈసినిమాఏమైందోతెలుసుకునేముందుఈరైటర్డైరెక్టర్ప్రొడ్యూసర్లప్రొఫైల్స్కొంచెంమనంతెలుసుకోవాలిడైరెక్టర్ప్రొఫైల్ఒకపల్లెటూరుంటుందిఅందులోఒకరావిచెట్టుఉంటుందిదానికిందమాత్రమేకూర్చునితీర్పుచెప్పేఒకరాయుడుగారుఉంటారుఆయనకోకూతురుంటుందిబీదరాములవ్వకొడుకునిప్రేమిస్తుందిహిట్టుమళ్ళీఒకపల్లెటూరుంటుందిఒకమఱ్ఱిచెట్టుంటుందిపొద్దస్తమానందానికిందకూర్చునిపేకాడేభూస్వామిఉంటాడుఆయనకికూతురుంటుందిపాలమ్మేసీతక్కకిజులాయితమ్ముడుంటాడుమళ్ళీహిట్టుఈసారివేపచెట్టుంటుందివేదాలుతెలిసినసిద్దాంతిఉంటాడుఆయనకోచిట్టిచెల్లెలుఉంటుందివీళ్ళపనిమనిషికొడుక్కిచిన్నప్పట్నుంచేఫ్లూటువాయించడంపాటలుపాడటంపొలాల్లోజామకాయలుదొంగతనంచేయటంవచ్చుసూపర్డూపర్హిట్టుఇట్లాహిట్టుమీదహిట్టుతోహ్యాట్రిక్కొట్టిమాంచిఫాంలోఉన్నస్టార్డైరెక్టర్తేజస్వికిపాపిరాజుదినాలుగోసినిమారైటర్ప్రొఫైల్ఒకక్లాస్రూంమేడంపాఠంచెబుతోందిస్టూడెంట్స్శ్రద్దగావింటున్నారుప్రేమఅనేదిఊహకిసంబంధించిందిఊహఅనేదిప్రేమకిసంబంధించిందిప్రేమఊహఈరెండూమనసుకిసంబంధించినవిఇలాంటిఎన్నోఆణిముత్యాలలాంటిడైలాగులుసన్నివేశాలుహితేష్గారికలంనుంచిఅలాఅలాఅలవోకగాజారిపడ్డాయిఅదిఏడోతరగతిఅయినాఎమ్మెస్సీఅయినాఎంబిబిఎస్అయినాహితేష్గారికలంపదునులోఏమార్పూవుండదుచెప్పేపాఠంలోఅస్సలుమార్పుండదువతరగతివతరగతివతరగతిఅనిగతమూడువేసవుల్లోమూడుబ్లాక్బ్లస్టర్స్ఇచ్చినహితేష్డైలాగుల్లోచాలామటుకుకుర్రాళ్ళనిఉర్రూతలూగించాయిఆమాటకొస్తేవతరగతిసినిమాక్లైమాక్స్లోహీరోహీరోయిన్లుకోర్టులోజిల్లాజడ్జితోవాదనలోగెలిచేసీన్వతరగతిక్లైమాక్స్లోహీరోహీరోయిన్లుహైకోర్ట్జడ్జికేప్రేమగొప్పదనాన్నివివరించేసీన్వతరగతిక్లైమాక్స్లోహీరోహీరోయిన్లుతమప్రేమలోనిఒడిదుడుకులనిఎదుర్కొనేక్రమంలోసిబిఐనిఎలాబురిడీకొట్టించిందీచెప్పిసుప్రీంజడ్జినేఖంగుతినిపించేసీన్స్కుర్రకారులోఒకదాన్నిమించిఒకటిసెన్సేషనల్హిట్అయ్యాయిఇన్నికళాఖండాలలాంటికథలుస్వాతిముత్యాల్లాంటిసీన్లురాసినహితేష్కిఇదినాలుగోసినిమాప్రొడ్యూసర్ప్రొఫైల్గతంలోరెండుడబ్బింగ్సినిమాలుఒకస్ట్రెయిట్సినిమాతీసిచేతులుపొలాలుఆస్తులుఇంటిదస్తావేజులుకాల్చుకునిఐదేళ్ళపాటుపత్తాలేకుండాపోయినపాపిరాజుకికూడాఇప్పుడుతీయబోయేదినాలుగోసినిమాయేనిజానికిపాపిరాజుమొదటతీసినరెండుడబ్బింగ్సినిమాల్లోనూనష్టాలేమీరాలేదుఅలాగనిలాభాలూకాదునోలాస్నోగెయిన్ప్లస్దారిఖర్చులుభోజనంఖర్చులకిడబ్బులొచ్చాయిఇలాగొర్రెబెత్తెడులాభాలుకాదుఏనుగుకుంభాన్నేకొట్టాలిఅనుకునిప్రముఖమళయాళీఐటెంబాంబ్రష్మినిమెయిన్లీడ్లోపెట్టిహిట్స్ట్రీక్లోవున్నఒకమళయాళీడైరెక్టర్నితెలుగుతెరకుపరిచయంచేస్తూఒకస్ట్రెయిట్తెలుగుసినిమాస్టార్ట్చేసాడుపాపిరాజుఆసినిమాపేరుపాపపాపపాపసినిమాఅనౌన్స్చేయడంప్రారంభించడంషూటింగ్అయిపోవడంఅన్నీచకచకాజరిగిపోయాయిగప్చిప్గాషూటింగ్జరుపుకున్నాపెద్దగాపబ్లిసిటీచేయకపోయినాకూడారిలీజ్టైంకల్లాఊహించనిరీతిలోక్రేజ్వచ్చిందిసినిమాకిఅయితేఏమాటకామాటేచెప్పుకోవాలినిర్మాతలుపావలాపబ్లిసిటీచేయకపోయినాకూడాసినిమాకిఅంతక్రేజ్అంతహైప్క్రియేట్అయిందంటేనిజనికిఆల్దక్రెడిట్గోస్టుమనతెలుగుకుర్రాళ్ళేరష్మిఆమళయాళీడైరెక్టర్కాంబినేషన్సినిమాఅనౌన్స్అవగానేఅసలుఆమళయాళీడైరెక్టర్ఎవరుఆయనబాల్యమేవిటీఆయనవిద్యాభ్యాసమేవిటీఆయనమునుపుతీసినమళయాళీసినిమాలుఏవిటీవాటిల్లోనిప్రాముఖ్యమైనసన్నివేశాలుక్లిపింగులుఏవిటీఅనేదికొంతరీసెర్చికొంతగూగుల్సెర్చిచేసిరాబోయేసినిమాఎలావుండబోయేఆస్కారముందిఅనికొంతఅవగాహనతెచ్చుకునిపదిమందికీచెప్పడంవల్లఅంతక్రేజ్ఏర్పడిందిఈసినిమాకిఅఫ్కోర్స్ఈకాంబినేషన్చూసిపాపపాపపాపఅనేటైటిల్చూసిబోలెడుఇన్సైడ్స్టోరీలుకూడావచ్చాయికొందరేమోరష్మిదిఈసినిమాలోట్రిపుల్రోల్బహుశామల్టిపుల్పర్సనాలిటీడిజార్డర్మీదసినిమాకావచ్చన్నారుకొందరేమోఅదేంకాదురష్మిదిసింగిల్రోలేకానీమూడుడిఫరెంట్గెటప్స్ఉంటాయన్నారుఇంకొందరుఅసలుఇదిలోవచ్చినఇంగ్లీష్మూవీబేసిక్లైన్తీసుకునిస్టొరీడెవలప్చేసారంటఅన్నారువీటన్నిటిమూలానక్రేజ్మరీపతాకస్థాయికిచేరిందిరిలీజ్కివారంముందేఈసినిమాలోనికొన్నిక్లిపింగులులీకయియూట్యూబ్లోఅప్లోడ్అయ్యాయనిరూమర్స్వచ్చాయిఈరూమర్స్నిఆవీడియోస్నికలిపినిరంతరవార్తాస్రవంతిఛానెల్నిమిషాలుప్రోగ్రాంనిప్రైంటైంలోప్రసారంచేసిందిఅయితేవిఙ్ఞులైనతెలుగుకుర్రప్రేక్షకులుఈవీడియోలుకొత్తసినిమాలోవికావనీపోయినేడాదిమళయాళంలోరిలీజ్అయితెలుగులోకిడబ్బింగ్అవనిరష్మిసినిమాలోనిసన్నివేశాలనిసునాయాసంగాపసికట్టేసిఇలాంటిజిమ్మిక్కులనిపట్టించుకోకుండాఒరిజినల్పాపపాపపాపకోసంమరింతఉత్సాహంగాఎదురుచూసారుఏదైతేనేంఆరోజురానేవచ్చిందివేయిఅమవాస్యలతర్వాతఒకేపున్నమివచ్చినట్టునూటాడెబ్బైనాలుగుమిగతాబస్సులువెళ్ళిపోయినతర్వాతేమనమెక్కాల్సినఆర్టీసీబస్సువచ్చినట్టుసినిమారిలీజ్అయిందియూత్జాతరథియేటర్దరిదాపురోడ్లన్నీజాంఒకటేకోలాహలంఎట్టకేలకుమార్నింగ్షోమొదలయిందిదాంతోపాటేథియేటర్కివచ్చినకుర్రాళ్ళకంటరక్తకన్నీరుకూడాయావత్భారతదేశంలోగతరెండున్నరదశాబ్దాలుగాఏభాషలోనూరానటువంటినిఖార్సైనసమాంతరన్యూవేవ్సర్రియలిస్టిక్నియోరియలిస్టిక్నాన్కమర్షియల్ఆర్ట్సినిమాస్క్రీన్మీదరన్అవుతూంటేకక్కలేకమింగలేకగొంతుపూడుకుపోయినటైంలోకరెక్ట్గాతేలుకుడితేఅరవడానికికూడావీలులేకపోయినట్టుగాగిలగిలలాడిపోయారుకుర్రాళ్ళుఅన్నట్టుపాపపాపపాపస్టోరీచెప్పడంమరిచిపోయానుఈసినిమాలోరష్మిమాంఛిబలమైనబరువైనదృఢమైనవ్యక్తిత్వంఉన్నక్యారెక్టర్చేసిందిముగ్గురుపిల్లలతల్లిగాఆమెతనముగ్గురుపాపల్నితీసుకునిఅడవికిపిక్నిక్కివెళ్తుందిఫస్ట్సీన్లోఅప్పుడుఆముగ్గురుపాపలుఅడవిలోతప్పిపోతారుఅక్కడటైటిల్స్చివరికిఆముగ్గురుపాపలుపాపపాపపాపవాళ్ళఅమ్మనిక్లైమాక్స్లోకలుసుకునేఉత్కంఠభరితమైనసీన్సినిమాకిఆయువుపట్టుఅయితేసినిమాఆద్యంతంమళయాళబాంబురష్మిఒకేముదురురంగుగళ్ళచీరలోడిగ్నిఫైడ్గాకనిపించడంఇంకొకఆయువుపట్టుఇంటర్వల్కిపావుగంటముందుపిల్లలుఎంతకీకనిపించనిసన్నివేశంలోవచ్చేట్రాజెడీసాంగ్ఒకఆయువుపట్టుఅయితేఆసాంగ్ప్లేబ్యాక్రష్మిఆమళయాళీడైరెక్టర్కలిసిపాడటంఇంకొకఆయువుపట్టుఈట్రాజెడీసాంగ్ట్యూన్కొసంమ్యూజిక్డైరెక్టర్ఒకఅయ్యప్పస్వామిభజనగీతాన్నియాజిటీజ్గావాడేసుకోవడంఇంకొకఅసలైనఆయువుపట్టుఅయితేఒకేవిడతలోఇన్నిఆయువుపట్లనితట్టుకోలేనితెలుగుకుర్రాళ్ళుకొంతవయొలెంట్అయిపోయిదాదాపుగామార్నింగ్షోపడ్డథియేటర్స్అన్నింటిలోనూతెరలుచించేసిమాగ్జిమంప్లేసెస్లోప్రొజెక్టర్ఆపరేటర్నిచితకబాదేసికొన్నిచోట్లసైకిల్స్టాండ్కుర్రాణ్ణిచెట్టుకుకట్టేసిఇలాభిన్నరూపాలలోవాళ్ళఆవేదనవ్యక్తంచేసారుహర్తాళ్ళుచేసిఆందోళనకిదిగిఎలాగయితేనేంమొత్తానికిరాష్ట్రంమొత్తమ్మీదఎక్కడామ్యాట్నీషోపడకుండాబాక్సులువెనక్కిపంపించేసారుఅప్పుడెప్పుడోమూడుదశబ్దాలక్రితంఈవినింగ్షోతర్వాతబాక్సులన్నీవెనక్కివెళ్ళిపోయిసంచలనంసృష్టించినకాడెద్దుఎకరంనేలసినిమారికార్డులన్నీపాపపాపపాపసునాయసంగాతిరగరాసిందిపాపిరాజుజాతకంతిరగబడిందిఅలాఅప్పుడుతెరమరుగైనపాపిరాజుఇన్నేళ్ళకితెరపైకొచ్చితననాలుగోసినిమాఅనౌన్స్చేసాడుఅందుకేఅంతసంచలనంసినిమామొదలయిందిహితేష్తేజస్విపాపిరాజులకాంబినేషన్లోసినిమామొదలయిందిఏదోస్కూల్మూణ్ణెళ్ళకిఅద్దెకితీసుకున్నారుడేటైంస్లోకొన్నిక్లాస్రూంసీన్స్తీసారుఈవినింగ్టైంస్లోక్లాస్రూంలోకొన్నిసీన్స్తీశారుఉత్సాహంగాఉల్లాసంగాసంతోషంగాఆనందంగాషూటింగ్జరుగుతోందిసగంషూటింగ్అయిపోయిందన్నారుడైరెక్టర్రైటర్వచ్చిపాపిరాజుమొత్తానికిధైర్యంకూడదీసుకునిడైరెక్టర్నిఅడిగేశాడుఇంతకీమనసినిమాస్టోరీఏంటిఅనికథచెప్పాలంటేమూడ్రావాలిఅన్నాడుడైరెక్టర్వెంటనేఒకరూంలోకివెళ్ళితలుపేసుకున్నాడుగంటసేపుయోగాగంటసేపుమెడిటేషన్అరగంటగీతాపఠనంచేసిబయటికివచ్చాడుపాపిరాజునికూర్చోబెట్టుకునికథచెప్పాడురెండునిమిషాల్లోఇదొకఫుల్ఫ్లెడ్జ్డ్యూత్ఫుల్కామెడీమిక్స్ద్విత్రొమాన్స్సెమీఅర్బన్సెమీరూరల్బ్యాక్డ్రాప్ఇంటర్వల్కిముందుచిన్నసస్పెన్స్ఉంటుందిక్లైమాక్స్కిముందుచిన్నసెంటిమెంట్ఉంటుందిఇదీమనకథఒక్కముక్కకూడాఅర్థంకాలేదుపాపిరాజుకినాకుపూర్తికథచెప్పమన్నాడుపాపిరాజువంకజాలిగాఒకచూపుచూసిలేచివెళ్ళిపోయాడుడైరెక్టర్కాసేపయాకరైటర్డైరెక్టర్పాపిరాజుదగ్గరికివచ్చిగంభీరంగాబేస్వాయిస్లోకోరస్గాఅన్నారుమీరేమీటెన్షన్పడకండిరాజుగారూమనసినిమాట్రెండ్సెట్టర్అవుతుందిఈలోగాలిరిసిస్ట్చంద్రకాంత్వచ్చాడుసెట్కిఅతన్నిఈసినిమాకిటైటిల్సజెస్ట్చేయమనిఅడిగాడుడైరెక్టర్అయితేఆటైటిల్ఇదిరొమాంటిక్లవ్స్టోరీఅనిజనాలకిఅర్థంఅయేలావుండాలిక్యాచీగాటీజింగ్గావుండాలిసినిమామీదక్యూరియాసిటీపెంచేలావుండాలిఅన్నాడుడైరెక్టర్వెంటనేఏమాత్రంతడుముకోకుండాఏమాత్రంఆలోచించకుండాఅసలుఆలోచనేలేకుండాఒకటైటిల్చెప్పాడుచంద్రకాంత్ఒక్కక్షణంపిన్డ్రాప్సైలెన్స్వెంటనేచప్పట్లతోమార్మోగిపోయిందిఅక్కడంతాఅంతఇన్స్టంటేనియస్గాఅంతయాప్ట్టైటిల్ఇచ్చినందుకుపొగడ్తల్లోముంచెత్తారుచంద్రకాంత్నిఅందరూఅయితేప్రొడ్యూసర్మాత్రంటైటిల్కొంచెంఇబ్బందికరంగావుందిసెన్సార్ప్రాబ్లెంస్వస్తాయేమోఅన్నాడుచంద్రకాంత్చిద్విలాసంగానవ్విఇంచుమించుఇదేలైన్స్లోతానేగతంలోఒకసినిమాకిరాసినపాటవినిపించాడుఅప్పుడాపాటనిఓకేచేసారుకాబట్టిఇప్పుడుఈటైటిల్నికూడాచచ్చినట్టుఓకేచేయాల్సిందేసెన్సార్వాళ్ళుఅనిలాజిక్తీశాదుఇంతకీఆటైటిల్చెప్పనేలేదుకదూటైటిల్వేయించుకుంటెబాగుంటదికాప్షన్ఎర్రనిగాజులునీచేతికీషూటింగ్అయిపోయిందిసినిమానిసెన్సార్కిపంపించారున్యాయంగాఅయితేకటింగ్స్అవీపోనూసగంసినిమామాత్రమేబయటికివస్తుందన్నారుసెన్సార్వాళ్ళుదాంతోపాటేకటింగ్స్అవీపోనూవాళ్ళశాలరీఎంతతక్కువగావస్తుందోకూడాచెప్పారుపాపిరాజుకిసరేబోర్డ్మెంబర్లందరికీతగినన్యాయంచేసాడుపాపిరాజుక్లీన్యువచ్చిందిఅయితేఒకమహిళాధికారిమాత్రంటైటిల్ఇబ్బందిగావుందిమార్చాల్సిందేననిపట్టుబట్టిందిస్వల్పమార్పులతోఇంకొకటైటిల్ఆమేసూచించిందిసరేనన్నాడుపాపిరాజుఅదేతనజీవితాన్నిమరోసారిమలుపుతిప్పబోతోందనిఆక్షణానపాపిరాజుకితెలీదుఇంతకీఆమెసూచించగాఫైనల్గాఖరారైనటైటిల్టైటిల్ఎర్రనిగాజులుకాప్షన్నీచేతికిబాగుంటాయిసెన్సార్కూడాఅయిపోయిందికాబట్టిఆఖరిఘట్టంపోస్టర్డిజైన్చేసిసినిమారిలీజ్చేయడండైరెక్టర్రైటర్తమతదుపరిసినిమాకథవండటానికిబ్యాంకాక్వెళ్ళిపోయారువెళ్తూవెళ్తూఒకఅప్కమింగ్క్రియేటివ్ఇన్నోవేటివ్కుర్రడిజైనర్నిపాపిరాజుకిసజెస్ట్చేసారుకుర్రాడిలోఏదోకొత్తగాచేయాలన్నతపనతాపత్రయంవిచ్చలవిడిగావున్నాయిగతఏడాదిచివర్లోహీరోహీరోయిన్లనికానీసన్నివేశాలనికానీపోస్టర్మీదచూపించకుండాకోతిబొమ్మలతోవెరైటీపబ్లిసిటీచేసిహిట్టుకొట్టిననచ్చావులేసినిమాప్రభావంకుర్రాడిమీదబాగావుందిపాపిరాజుటైటిల్చెప్పగానేఅదేతరహాలోఒకపోస్టర్డిజైన్చేసాడుపెద్దపోస్టర్చాలాపెద్దదితెల్లబ్యాక్గ్రౌండ్రకరకాలగాజులురంగురంగులగాజులుచిట్టిచిట్టిగాజులుమధ్యలోపెద్దఎర్రగాజులుపోస్టర్రిలీజ్చేసారురాష్ట్రమంతాసినిమారిలీజ్అయిందిఎక్కడాపోస్టర్మీదహీరోహీరోయిన్స్లేకపోవడంతోసినిమాజెనర్అర్థంకాకకొందరుఎర్రనిగాజులుఅన్నటైటిల్కిజడిసికొందరుపాపిరాజుగారిప్రీవియస్ఫిలిందెబ్బనుండిఇప్పటికీకోలుకోకకొందరుఏదయితేనేంమొత్తానికియూత్మొత్తంసినిమాకిమొహంచాటేసారుఅయితేపోస్టర్టైటిల్చూసాకఅనూహ్యంగామహిళల్లోఒకవర్గంప్రేక్షకులుసినిమామీదఆసక్తిపెంచుకున్నారుఅందునాప్రముఖస్త్రీవాదరచయిత్రిబిపాసాదేవిగారుఎర్రనిగాజులుఅన్నటైటిల్మీదహర్షంప్రకటించిపోస్టర్పట్లసంతృప్తివ్యక్తంచేసాకసినిమాపట్లఆవర్గానికిఆసక్తిద్విగుణీకృతంఅయిందిఇంటలెక్చువల్మహిళలుమహిళాసంఘాలవాళ్ళురిటైరయాకసాంస్కృతికరంగాలపట్లఆసక్తిపెంచుకున్నమహిళామణులుమంచిసినిమానిబతికించాలన్నధ్యేయంకలిగినకళాపోషకమారాణులుతరలివచ్చారుమార్నింగ్షోమొదలయిందిథియేటర్మొత్తంతీవ్రదిగ్భ్రాంతికిలోనయిందిగతపదేళ్ళలోఅడపాదడపాకొన్నిసినిమాలుచూసినట్లయితేఅంతలానిర్ఘాంతపోయేవాళ్ళుకాదేమోకానీఅక్కడికివచ్చినవాళ్ళలోచాలామందిచివరిగాచూసినతెలుగుసినిమాఅక్కపెత్తనంచెల్లెలికాపురంఅంటఇంకేముందిఆర్నెల్లకఠోరపథ్యంతర్వాతడైరెక్ట్గాగొడ్డుకారంవేసినమటన్పులుసుతిన్నవాళ్ళలాఅల్లాడిపోయారుతెరమీదనడుస్తున్నసోషల్ఫాంటసీసైన్స్ఫిక్షన్తెలుగుక్లాస్రూంథ్రిల్లర్లోనిఇంగ్లీష్సన్నివేశాలుచూడలేకబిక్కచచ్చిపోయారురాష్ట్రచరిత్రలోనేమొదటిసారిగాఅన్నిమహిళాసంఘాలుకలిపిఒకేనిర్ణయాన్నితీసుకున్నాయిభీబత్సమైనపోరాటపటిమనిప్రదర్శించిరాష్ట్రంలోఎక్కడాఈసినిమాఇంటర్వల్అయాకసెకండాఫ్ప్రదర్శించకుండాచేసిఇంటర్వల్కేబాక్సులన్నీవెనక్కిపంపించేసారుఆవిధంగాపాపపాపపాపతోమార్నింగ్షోతర్వాతబాక్సులువెనక్కివచ్చిరికార్డ్క్రియేట్చేసినపాపిరాజుతనరికార్డునితానేబద్దలుకొట్టుకున్నాడుఆతర్వాతచాలాపరిణామాలుజరిగాయిఅయితేపాపిరాజుకిఒకచిన్నడౌట్మాత్రంమిగిలిపోయిందితనజీవితంసగమేనాశనంఅయిందాలేకసర్వనాశనంఅయిందాఅనిఈలోగాఎవరోవచ్చిచెప్పారుసార్మీసమగ్రఇంటర్వ్యూకోసంఫిలింగోయర్వెబ్సైట్నుంచిప్రముఖజర్నలిస్ట్విభుగారొచ్చారుఅనిడౌట్తీరిపోయిందిపాపిరాజుకి
నీలిమ,వరివరివరివరివరిఎక్కడచూసినాఇదేపదంవార్తాపత్రికలలోబుల్లితెరపైరాజకీయనాయకులనోళ్ళలోఆఖరికిఅమాయకరైతులమదిలోకూడాఇదేమాటఒకపలవరింతగాఇటీవలప్రాచుర్యమైపోయిందిప్రస్తుతంపంటచేతికివచ్చేసమయంలోరేగినఈచిచ్చువల్లరైతుకుజరిగేమేలుమాటేమోగానికూలివాళ్ళుదొరకకకూలిరేటుపెరిగిపంటఇంటికితెచ్చుకోవడానికిరైతుపడుతున్నతిప్పలుచూస్తేఎవరికైనాజాలిపుట్టకమానదుబంగారురంగులోకోతకుసిద్దంగాఉన్నపొలాలనుచూస్తేఆమనోహరదృశ్యంమనసుకుఎంతోఆహ్లాదాన్నిస్తుందిఇక్కడున్నఫొటోలలోఒకదాంట్లోకోతకుసిద్దంగాఉన్నపొలంమరొకదాంట్లోకోతకోసినపొలంకూడాచూడొచ్చువరికొయ్యడంపనలనుకోతకోసిచిన్నచిన్నకుప్పగావేసినవాటినిపనలంటారుతిరగవెయ్యడంకట్టలుగాకట్టితరువాతవెంటనేనూర్చడంగానిభవిష్యత్తులోనూర్చడానికికుప్పవెయ్యడంగానిచేస్తారునూర్చడమంటేఒకచోటవేసిపశువులతోగానిట్రాక్టరుతోగానితొక్కిస్తేవరిగింజలువడ్లుగడ్డినుండివిడివడిమనకువడ్లరాశినిస్తాయిపశువులతోత్రొక్కించడానికిముందుమనుషులతోచిన్నచిన్నకట్టలుకట్టిఒకఏటవాలుచెక్కబల్లమీదకొడతారుఇప్పుడేమోట్రాక్టరులొచ్చాయిత్రొక్కించడానికిచాలాచోట్లవరికోతయంత్రాలువచ్చాయిఅవేకోస్తాయివడ్లనునూరుస్తాయితక్కువఖర్చుతోవచ్చినధాన్యాన్నిఇంటికిచేర్చిపూర్వంనేలలొగుంటతీసిచుట్టూవరిగడ్డితోఅంచుల్నిలైనింగ్చేసివడ్లుపోసిచెత్తకప్పిపైనకూడామట్టికప్పిపాతరవేసేవాళ్ళుతరువాతవెదురులేదాఅడవిచువ్వలతోఅల్లినగాదెలలోనిల్వచేసేవాళ్ళుఇప్పుడేమొసిమెంటులేదాఇనుపగాదెలువాటిస్థానాన్నిఆక్రమించేసాయిఈకష్టమంతాపంటపండినతరువాతకథపండించడానికిఎంతశ్రమపడాలోఎంతడబ్బువెచ్చించాలోఎన్నిప్రకృతివైపరీత్యాలనుఎదుర్కొనాలొపాపంఆరైతులకేతెలుసుమొన్నఆదివారంనేనుతెనాలిదగ్గరలోఉన్నపెరవలిచావలిపెరవలిపాలెంవెళ్ళడంజరిగిందిఆఊళ్ళగురించిమాచిన్నప్పటినుంచిచెప్పుకోవడమేగానివెళ్ళడంమాత్రంమొన్ననేమాతాతలకాలంనుండిమాకుఆఊళ్ళతోసంబంధాలున్నాయిఅక్కడఎక్కడొబాపట్లదగ్గరఊళ్ళోపశువులఆసుపత్రిలోపనిచేస్తున్నమాతమ్ముడువెంకటేశ్వరరావునుకలవడంజరిగిందికలిస్తేమాకేంటిఅనుకుంటున్నారాఅక్కడేఉందివిశేషంఅతగాడుజేబులోంచిఒకఫొటోతీసిచూపించాడుఅదిమనముఖ్యమంత్రిగారితోతనువరికుచ్చునుబహుకరించేసమయంలోతీసిమరునాడువార్తాపత్రికలలోప్రచురింపబడిందిఅదేంటోననేమాఉత్సాహాన్నిపసిగట్టివెంటనేతనసంచిలోనుంచిమరొకవరికుచ్చుబయటికితీసిమాముందుప్రదర్శించాడుఅదిఆరోజుసాయంత్రంమనమంత్రిగారైనమండలిబుద్ధప్రసాదుగారిబహుకరించడానికటసరేమనబ్లాగుకుమంచివిషయందొరికిందికదాఅనిమనవరికుచ్చునిదాన్నిబహునేర్పరితనంతోతయారుచెసినతమ్మునికూడాఫొటోలుతీసిఇదుగోఇచ్చటమీకోసంఇక్కడఅతికిస్తున్నానుఆవరికుచ్చుచూడడానికిచాలసులువుగాచెయ్యవన్నట్లుగాఉన్నాతయారుచెయ్యడంచాలాకష్టంసుమాఆముందురోజేరైతుగర్జనలోవరికంకులతోఅల్లినదండలనునాయకులమెడలలోవెయ్యడంచాలామందిచూసేఉంటారనుకుంటాను
మదిలో మెదిలే భావతరంగాలు,మనంనుండిచేసినసినిమాలనుచూడటానికిఎక్కువగావాడుతుంటాముఇంగ్లీష్సిన్మాలనుచూసేటప్పుడుసిన్మాలోఉన్నడైలాగులనుకిందఇంగ్లీష్భాషలోనేగాచూసేవీలుఉంటుందిలోవచ్చేఅన్నిఇంగ్లీష్సినిమాచానళ్ళుతమసినిమాలనుఇలాగేప్రసారంచేస్తుంటాయిఆనుమనభారతీయభాషల్లోచూసేవీలులేదులోహిందిభాషవస్తున్నాతెలుగుకన్నడభాషల్లోదాదాపులేవనేచెప్పాలికానీకొంచెంకష్టపడితేఅదిసాధ్యమేనేనుఇంగ్లీషులోఉన్ననుభారతీయభాషల్లోతర్జుమాచేయటానికివాడుకుంటున్నానుకాబట్టితర్జుమానాణ్యతపైహామీఇవ్వలేనుతర్జుమాసరిగ్గాజరగలేదనిపిస్తేమనంస్వంతంగాచేసుకోకతప్పదుఈపనిచేయటానికివాడానుమనంఏదైనాసినిమానుచేసుకున్నాకదానికావాలంటేఒకకూడాచేసుకుంటాముతర్వాతసినిమానులోచూసేటప్పుడుచేసుకుంటేమనకుఇలాకనిపిస్తుందిఇప్పుడుఆనులోచేసిదాన్నిగాచేయండిఇకలోచేయాలిఅక్కడఅనేక్లిక్చేయాలిఅక్కడఅనేనొక్కిమీచేయాలినిఅనినిహిందిగానుండిచేసుకునినొక్కండిఇంగ్లీష్భాషలోఉన్నడైలాగులుహిందిభాషలోమారుతాయిఇప్పుడుమొత్తంచేసిలోలోచేయాలిదాన్నిలోనూతర్వాతలోనూమార్చుకోవాలిఎందుకంటేనుచేయదుఇప్పుడుఈనులోచేసిచేయాలిఇలాచేసినతోఒకఇబ్బందిఉందిఅదేమిటంటేమధ్యలోఉన్నగుర్తునుమార్చేస్తుందిదాన్నిమళ్ళీమార్చాలిదానికోసంలోనినివాడుకోవాలికొత్తనులాగచేసుకోవాలిపేరునుతోకలిపిలమధ్యలోవ్రాసిచేయాలిలేకపోతేఅదిలాగఅవుతుందిఇకలోచేసికిందచూపినవిధంగాచేసినొక్కాలిఇప్పుడుచేస్తూగామనంఇంతకుముందుతయారుచేసుకున్నసెలెక్టుచేసుకోవాలిఇప్పుడుహిందిలోకనిపిస్తాయిహిందినుదాదాపుగాసరిగ్గాచేయగలుగుతుందికానీతెలుగులోతర్జుమాచేస్తేఫలితంఇలాఉంటుందిమనకుఇదినచ్చకపోతేమనమేస్వంతంగాతర్జుమాచేసుకోవాలిఅప్పుడుమనకుకావలసినవిధంగావ్రాసుకోవచ్చునుఎలాచేస్తుందోదాన్నిమనంఎలాచేయాలోతెలిసినవారుచెప్పగలరుఅలాగేపైవిధానంకన్నామంచివిధానంతెలిస్తేదాన్నిపంచుకోగలరుమీఅభిప్రాయలనుతెలపండికుధన్యవాదాలు
శ్రీ శిరిడీ సాయి తత్వం,దుష్టశిక్షణశిష్టరక్షణధర్మసంస్థాపనలకోసంపంంధొమిదోశతాబ్దంలోఈభువిపైవెలసినసమర్ధసద్గురువుశ్రీసాయినాధులుతననుమనస్పూర్తిగావిశ్వసించినతనభక్తులకుఎళ్ళవేళలావెన్నంటివుండివారికితనఅమూల్యమైనఅభేఢ్యమైనరక్షణకవచంఅందించడమేకాకతనబోధలతోఉపదేశములతోవారిలోపరివర్తనగావించిసన్మార్గంలోనడిపించేఅద్భుతమైనదైవంశ్రీసాయిశ్రీసాయినినమ్మైనలక్షలాదిమందిఈనాటికీసుఖసంతోషాలతోఅయుఆరోగ్యాలతోజీవిస్తున్నారుశ్రీసాయితనభక్తులనురక్షించివారిసమస్యననుచింతలనుదూరంచేసేపద్ధతిచాలావిచిత్రమైనదిఆదిఏసాంప్రదాయాలకుమతాలకుచెందనిదిఅటువంటిఒకవిచిత్రమైనలీలనుఇప్పుడుస్మరించుకుందాముశ్రీసాయికిఅత్యంతసన్నిహితముఖ్యమైనభక్తుడైనబాపూసాహెబ్బూటీఒకసారిజిగటఇరోచనములవలనతీవ్రంగాబాధపడ్డాడుస్వతాహాగాధనవంతుడవడంవలనఎందరోప్రసిద్ధులైనడాక్టర్లకుచూపించుకొనివారిచ్చినమందులనువాడాడుకానీఏమీప్రయోజనంలేకపోయిందికొద్దిరోజులలోనేబూటీబాగానీరసించిపోయాడుకదలలేకపోవాడంవలనశ్రీసాయిదర్శనానికైమశీదుకుపోలేకపోయాడుఅప్పుడుబాబాఅతనినిమశీదుకురమ్మనికబురుపంపించిబూటీరగానేతనముందుకూర్చోబెట్టుకొనితనచూపుడువేలుఆడించుచూతస్మాత్జాగ్రత్తనీవికవిరేచనములనుచేయకూడదుఅనిదృఢంగాపలికారుఅఖిలాంఢకోటిబ్రహ్మాండనాయకుడురాజాధిరాజుఅయినబాబాఆమాటలనుఅనగానేవెంటనేవిరేచనాలుఆగిపోయాయిగొప్పగొప్పదాక్టర్లువిలువైనమందులుకుదర్చలేనిజబ్బునుఆమహానుభావుడుకేవలంతనమాటలతోకుదిర్చినవైనంఅత్యంతవిశిష్టమైనదిమరొకసంధర్బంలోబూటీకికలరావ్యాధిసోకిందిఒకరోజులోనేతీవ్రంగానీరసించిపోయాడుఏవిధమైనఆహారాన్నికనీసంనీరునుకుడాతాగలేకపోయాడుబూటీకిసన్నిహితుడైనదాక్టర్పిళ్ళైతనవద్దవున్నఔషఢములనింటినీప్రయత్నించాడుకానీఅవికొద్దిపాటిఉపశమనాన్నికూడాఇవ్వలేకపోయాయిఅప్పుడుబూటీమశీదుకువెళ్ళిబాబాకాళ్ళపైపడితనవ్యాధినితగ్గించమనిప్రాధేయపడ్దాడుఅప్పుడుశ్రీసాయిబాదాముపప్పుపిస్తాఅక్రోటులనుబాగానానబెట్టిపాలుచక్కెరలోఉడికించిసేవించమనిచేప్పారుఆమాటలనువిన్నవారందరూఎంతగానోఆశ్చర్యపోయారుఎందుకంటేవైద్యశస్త్రంప్రకారంఈమిశ్రమాన్నిసేవిస్తేజబ్బుమరింతతీవ్రమైచివరకుప్రాణాలకేముప్పుకలుగవచ్చునుకానీబూటీబాబాఆజ్ఞనుశిరసావహించిఆమిశ్రమాన్నిసేవించాడుచిత్రాతిచిత్రంగాబూటీయొక్కకలరావ్యాధికొద్దిగంటలలోనేతగ్గిపోయిఅతనికిపూర్తిస్వస్థతచేకూరిందిఈవిధంగావైద్యవిజ్ఞానశాస్త్రాలన్నింటికీవిరుద్ధంగాబాబాతనదైనప్రత్యేకశైలిలోతనభక్తులరోగాలనుతగ్గించివేసారుఇందులోమనంగ్రహించవలసిందిఏమిటంటేబాబామాటలేఈప్రకృతిఅంతటికీశిరోధార్యంబాబాపలుకులేవేదవిజ్ఞానశాస్త్రాలుసాంప్రదాయములుఆచారవ్యవహారములుమంత్రశక్తులువైద్యవిధానములుఅన్నీబాబాయొక్కఅపూర్వమైనయోగశక్తిముందుదిగదుడుపేబాబాఅజ్ఞలనుశిరసావహించువారికిఆయనయొక్కఅనుగ్రహకరుణాకటాక్షములులభ్యమైజీవితంఆనందంగాసాఫిగాసాగిపోతుందిసర్వంశ్రీశిరిడీసాయిపాదారవిందార్పణమస్తుసర్వేజనాసుఖినోభవంతు
స్పూర్తి,జీవితంమంటేవందసంవత్సరాలకాలంకాదువేలసంవత్సరాలజ్ఞాపకంజ్ఞాపకంఅంటేగతాన్నిగుర్తుపెట్టుకోవటంకాదుప్రపంచానికిమనంగుర్తుండేలచేయడంఎలాప్రపంచంలోమనంఏంటిమనస్థానంఏంటిమనకుకావలిసిందిఏంటిప్రపంచానికిమనంచేయాల్సిందిఏంటిఅనిఒక్కసారిమనల్నిమనంప్రశ్నించుకోవాలిమనకిమనంప్రేరణకల్గించుకోవాలిమనల్నిమనంనమ్మాలిమనకుమనఒకలక్ష్యాన్నిరూపొందించుకోవాలిదానినిసాదించడానికికావాల్సినసాధనచేయాలిపదిమందిలోమనంఒకరంకాకూడదుపదిమందికిమనంఆదర్శంఅవ్వాలిపదిమందికిచేయూతనివ్వాలిమనకంటూఒకఅత్యున్నతవ్యక్తిత్వంఏర్పరుచుకోవాలిజీవితాన్నిప్లాన్చేసుకోవాలికళలుకనేవారేమరోప్రపాపంచాన్నిసృష్టిస్తారుఅలాగేఏదయినాఒకపనినిసాదించాలనికలలనుకనటంప్రారంబిస్తేఆదిఆలోచనలకుదారితీస్తుందిఆఆలోచనజ్ఞానన్నిస్తుందిఆజ్ఞానంలక్ష్యసాధనకుఎలాఇస్టపడికష్టించాలోనేర్పుతుందిదానివల్లఅనుకున్నదిసాదించటంసులువవుతుందిఅందుకేఅంటారుచేయగలిగినసత్తాఉన్నాచేయలేమోనన్నభయంవెంటాడుతుందాభయంశక్తివంతమయినడేకానీనమ్మకంఅంతకన్నాశక్తివంతమయినదినమ్మకంతోమొదలుపెట్టినపనులవల్లవిజయంఎప్పుడూనీతోనేఉంటుంది
NITHYASPURTHY,విజయంఅరుదైనదేమికాదుఅందరికిఅందుబాటులొనేఉంటుదికానిఅందరుదానినిసొంతంచేసుకొలేరుఅరుదైనవారికేఅదిఅందుతుదివీరుతమనుతాముమలుచుకొనిఅసాధారణవ్యక్తులుగఅవతరిస్తుంటారుపరిగెత్తేకాలాన్నిఅందివచ్చినవనరులనుఅంతర్లీనంగఉన్నశక్తిసామర్ధ్యాలనువినియోగించుకున్నవారేవిజేతలుగాగుర్తింపుపొందుతున్నారువీరుటైమునుఅస్త్రంగాప్రయొగిస్తుంటారుఉదాహరణకునిద్రనేతీసుకోండిఎవరికైనాఆరుగంటలనిద్రచాలుఐతేసాధనచేస్తేతప్పఆరుగంటలనిద్రతోసరిపెట్టుకోవడంకుదరదుఅలవాటైనావేళకంటేముందేనిద్రలేవటంరోజులుసాధనచేస్తేఅదొకశక్తివంతమైనఅలవాటుగామారుతుందిఎంతప్రశాంతంగానిద్రపొయామన్నదేతప్పఎంతసేపునిద్రపొయామన్నదిముఖ్యంకాదురోజుకోగంటఇలాఅదనంగామిగుల్చుకుంటేరోజుల్లోమిగిలేగంటల్లోఎన్నిపనులుచేయవచ్చొఅలొచించండిఇలఅదనంగావచ్చినగంటనుఆరోజురాబోయేవారంప్రణాలికకొసమ్వినియోగించండిఉదయంగంటసమయమ్పగటిపూటగంటలతోసమానంసుర్యోదయవేళఆగంటమిమ్మలినిఉత్తేజపరుచుకునేందుకువినియోగించవచ్చుఆరొజుమొత్తాన్నిఎలాగడపాలోఅలోచించడంచేయవలసినపనులనుక్రమపద్దతిలోఅమర్చుకొవడంఈపనులన్నింటినిఉదయంవేళచేయవచ్చుప్రతివిషయంలోమీరులీనమవుతారుప్రతికూలఅలోచనలనుదరిచేయనీయదుఆపాదమస్తకంఅత్మవిశ్వాసంనింపుతుందిఅపైవిజయాలుమీఅప్తమిత్రులవుతారు
మణి మానస,నిన్నుకలసావయసులోనిన్నుచూసాసొగసులోనిన్నునిలిపామనసులోనిన్నుమరువననితెలుసుకో
నేను ఏమనుకుంటున్నానంటే........,నాకుఇష్టమైనఈనాకుఅన్నిటికంటేబాగానచ్చిందిఅసలులొఎంతోవేదాంతంఉందిమటుకుఖచ్చితంగాపెద్దవాళ్ళకొసమేమనల్నిమనంరోజూలోచూసుకొంటాము
HappYdayS,రత్నరాసులువద్దుమణిమాణిక్యాలువద్దుసిరిసంపదలువద్దుభోగభాగ్యాలువద్దునగలువద్దునగదువద్దువిందులువద్దువినోదాలువద్దువిలాసాలువద్దువిహారాలువద్దునువ్వుచాలునీనవ్వుచాలునీమనసుచాలునీమమతచాలునీప్రేమచాలునీఅనురాగంచాలునీనోటిమాటచాలునీచేతిస్పర్శచాలునీచల్లనిఒడిచాలునీవెచ్చనికౌగిలిచాలు
తెలుగు బుడుగు,హైదరాబాద్తిరిగివచ్చినమూడుసంవత్సరాలతరవాతనాకుహైదరాబాద్బుక్ఫెయిర్కివెళ్ళడంకుదిరిందిఈరోజునేనువహైదరాబాద్పుస్తకప్రదర్శనకివెళ్ళానుకొన్నికొనాలనుకున్నపుస్తకాలుకొనలేకపోయానుకొన్నిఅనుకోకుండాకొన్నానుకానిఅక్కడికివచ్చినపుస్తకప్రియులందరినీచూశాకమాత్రంతెలుగుపుస్తకంఇంకాసజీవంగామాత్రమేకాదుచాలాఆరోగ్యంగాఉందిఅనిపించిందిసుమారుగావరకుస్టాళ్ళుపెట్టారుకాకపోతేసాహిత్యంకన్నాసెల్ఫ్హెల్ప్పుస్తకాలకేగిరాకీఎక్కువఉన్నట్టుఅనిపించిందితెలుగుకినిగెసురవరస్టాళ్ళవద్దజనంఆసక్తిగావిషయసేకరణచేశారునేనుఉన్నమూడుగంటల్లోసురవరకీబోర్డ్లుతీసుకున్నవాళ్ళుకనిపించారుదర్గామిట్టకథలునాకుదొరకలేదుకానిఅనుకోకుండాప్రళయకావేరికథలుపుస్తకందొరికిందిసంవత్సరాలక్రితంతెలుగుపీపుల్కామ్లోఈపుస్తకంచదివానుఇన్నాళ్ళకికొన్నానునేనుకొన్నపుస్తకాలుప్రళయకావేరికథలుఅగ్రహారంకథలుఅసలేంజరిగిందంటేనాహంకర్తాహ్హరికర్తాహ్సాయంకాలంఅయిందిగోనగన్నారెడ్డిరాజశేఖరచరిత్రందాశరధిశతకంనాగ్రంధాలయంపెరిగిపెద్దదవుతుంది
చైతన్యం,జాతీయపార్టీనిఎన్నుకుంటేజరిగేదేమిటోనాలుగురోజుల్లోనేఅనుభవంలోకివచ్చిందికాంగ్రెస్పార్టీతెలుగుప్రజలపట్లతనకుఉన్నచులకనభావంమరోసారిచూపించిందిమందిఎంపీలనుగెలిపించిపంపిస్తేమనకుసహయమంత్రిపదవులువిదిలించిందితమిళనాడుకర్ణాటకలుకేంద్రానికిఇచ్చిందితక్కువమందిఎంపీలనైనాముఖ్యమైనశాఖలువారుదక్కించుకుంటేమనవాళ్ళుసహయమంత్రులుగాపదవిఇచ్చామనిమన్మోహనుడుఫోన్చేసిచెప్తేఆనందంతోపొంగిపొర్లుదండాలుపెట్టేస్తున్నారుఇలాజరగటంఇదిరెండోసారిగతఐదుసంవత్సరాలుగాఆంధ్రదేశంలోరాజీవ్ఇందిరలనామస్మరణమారుమ్రోగిందితెలుగువారిలోగుర్తుంచుకోదగ్గనాయకులులేరనిప్రతిపధకానికీకాంగ్రెస్వాళ్ళఅమ్మమొగుడిపేరుపెట్టుకుంటూఅతివిశ్వాసంచూపిస్తేనేరాలినమెతుకులివిఇలాచెయ్యటంవాళ్ళకికొత్తకాదుమనకుఅంతకన్నాకొత్తకాదుజాతీయపార్టీలలోరాష్ట్రనాయకులుఏదికావాలన్నాఅధిష్టానాన్నిదేబిరించాలేకానీడిమాండ్చెయ్యలేరుచేస్తేఉన్నపదవిపోయిపార్టీలోఉన్నమనప్రత్యర్థివర్గాన్నివరిస్తుందిరాజశేఖరుడుమనరాష్ట్రంనుండిమందిఎంపీలనుగెలిపించికేంద్రానికిపంపించిందిమేడంతననుముఖ్యమంత్రిగాపీకేసిఇంకోగన్నాయిగాడినిపెట్టకుండాఉండటానికేకానీఅంతకుమించిమనకేమితెప్పించటానికికాదుఈసారిఎలాగూపూర్తిమెజారిటీరాదనుకునిఎన్నికలయ్యాకకడపకిపోయికూర్చునిరాజధానికలరాతోఏడుస్తున్నానాకేంసంబంధంలేదన్నట్టుసమీక్షాసమావేశాలునిర్వహించుకుంటూవున్నారుమనరాజావారుతీరాగెలిచేసరికిఆనందంతోతబ్బిబ్బయిపోయిఈఆనందంచాలుమాకింకేమిఅక్కర్లేదుఇంకాఎక్కువిస్తేమావాళ్ళకుగుండెఆగిపోవచ్చుఇక్కడమావేషాలుచూసీచూడనట్టువదిలేసిఅప్పుడప్పుడువచ్చిపొగడటానికిమాత్రమేఇంతమందిఎంపీలనుపంపుతున్నానుఅనిచెప్పినట్టున్నారుఅధిష్టానానికిరేపెప్పుడైనాఅధిష్టానంకళ్ళెర్రజేస్తేమీకోసంఇంతమందినిగెలిపించానుమాకురావలసినపరిశ్రమలురైళ్ళురోడ్లుఅన్నీవదులుకున్నానుమీసేవకిమావాళ్ళనిసహయమంత్రులుగాపెట్టానుఇంతకష్టపడిఇన్నిత్యాగాలుచేస్తేనాకుమీరిచ్చేగౌరవంఇదేనాఅనిపాతసినిమాల్లోభార్యలుభర్తల్నినిష్టూరమాడినట్టుఅధిష్టానాన్నిసెంటిమెంట్డైలాగులతోకొట్టొచ్చుఈజాతీయపార్టీలనుగెలిపించినంతకాలంమనపరిస్థితిఇంతేనేమోతమిళనాడుతరహాలోజాతీయపార్టీలనుభూస్థాపితంచేసేసిప్రాంతీయపార్టీలనుఎన్నుకునితమకురావలసినవిడిమాండ్చేసేపరిస్థితిలోఉండటంతప్పదక్షిణాదిరాష్ట్రాలకువేరేమార్గంలేదుఆంధ్రాలోఆపనిఅన్నగారుమొదలుపెట్టిసగంపూర్తిచేసారుమిగతాపనిపూర్తిచెయ్యటానికిఅన్నయ్యవస్తాడనుకుంటేఆయనమొదట్లోనేపూర్తిగాచతికిలబడ్డాడుబలమైనప్రాంతీయపార్టీఒక్కటేఅవ్వటంతోఅదినచ్చనప్పుడల్లామళ్ళీకాంగ్రెస్నిఎన్నుకునిఇలాఢిల్లీవంకచూస్తూవాళ్ళుమనకుతప్పఅందరికిపంచుతున్నవిచూసిగుటకలుమింగటంవినావేరేదారికనపడదుమెల్లగాప్రజారాజ్యంపుంజుకునివున్నరెండుప్రాంతీయపార్టీలుఒకదానితోఒకటిపోటీపడుతూకాంగ్రెస్లాంటిపార్టీలకుచోటివ్వకూడదనినాఆశనాఆశేగానీజరుగుతున్నవిచూస్తుంటేవచ్చేఎన్నికలకిప్రజారాజ్యంఅనేపార్టీవుంటుందోలేదోఅనిఅదోఅనుమానంమిగతాపనిపూర్తిచెయ్యటానికిమళ్ళీఅన్నగారేపుట్టాలికాబోలు
నా కధలు ...........,ఈమధ్యనేనుచూసినవెబ్శిరీస్ఏక్కువగాచూస్తున్నాఅందులోనాకుబాగనచ్చినశిరీస్గీతాసుబ్రమన్యంమైఖేల్మదన్కామరాజుప్రేమిస్తేచుక్కలుచూపిస్తాఇవిఏప్పుడోవచ్చాయికానినేనుఇప్పుడేచూసాచాలబాగున్నాయిఆందుకేఇప్పుదువాటిగురించిచెప్పబొతున్నామొదటిదిగీతసుబ్రమన్యంలొఅందరూబాగాచేసారునాకువాళ్ళకేరక్టర్బాగానచ్చయితప్పకుండాచూడవలసినశిరీస్కదవిషయానికివస్తేకొత్తగాపెళ్ళిఇనఒకఅబ్బాయిఒకఅమ్మాయిమధ్యజరిగేసరదాసన్నివేశాలుకోపాలుబుజ్జగింపులుఅలకలుఉద్యోగంలోవచ్చేబాధలుఒకరినిఒకరుఅర్ధంచేసుకొనిసర్ధుకుపొవడంమరియుఇటువంటివిచాలాఉన్నాయిఇప్పటికేఅందరూచూసిఉంటారుఅందుకేఏక్కువగామాట్లాడడంలేదురెండొవదిమైఖేల్మదన్కామరాజుకధవిషయానికివస్తేఒకఅమ్మాయిముగ్గురుఅబ్బాయిలమధ్యజరిగేసరదాసన్నివేషాలువాళ్ళుస్తిరపడడంకొసంచేసేప్రయత్నాలుఅన్నిసరదాగఉంటాయి
THE iNSIDER,అతనికివీడ్కోలుచెప్పినప్పుడునేనెప్పుడూవెనుతిరిగిచూసేసాహసంచేయలేదుగాలిలోకలిసిపోయిఅదృశ్యమవుతాడేమోననిభయం
"పలక,బలపం (Palaka-Balapam)",యేటయేటవరదొచ్చెయేటయేటకరువొచ్చెమూటమీదమూటకట్టేనామానాయకులుయేటిపాలుచేసినారమ్మోమాబతుకులుచెరువులన్నిపూడబెట్టెకాలనీలుకట్టబట్టెకోట్లకుపడగెత్తిరెమానాయకులునోట్లమన్నుకొట్టినారమ్మమాబతుకులురెక్కలిరిచిదుక్కిదున్నిబీడుభుమినిసాగుచెస్తెనకిలిమందులకాపుకాసెనామానాయకులుమందుదాగిసచ్చెటందుకెమాబతుకులుభూమినమ్మిసాగుచెస్తెగింజరాలకకరువు్పుడితెగ్రాంటులన్నిమింగినారమ్మొమానాయకులుఒట్టిచెయ్యిచూపినాఆరమ్మొమాబతుకులుపొద్దుగూకెయాలవరకుపోరలంతాతాగితూలిమాకుమాకుచిచ్చుపెట్టెనామానాయకులుతొలుబొమ్మలాటలయ్యెనమాబతుకులుసదువుకున్నసాములంతాసాయమెవ్వరురాకపొయిరిరాబందులురాజ్యమెలెరాజకీయంరంగులుమారెమేకవన్నెపులులయ్యొమానాయకులుగొర్రెమార్కుఓటుబ్యాంకులమెమాబతుకులుఆదమరచిఓటెస్తెఅందినకాడికిదోసుకుంటరుమాటలునమ్మిపదవులిస్తెమళ్ళిమళ్ళినంజుకుంటరుకీలెరిగివాతపెట్టాలెమానాయకులకు
తొలకరి జల్లు,ప్రతిక్షణంఒకఅక్షరమేప్రతిజ్ఞాపకంఒకపాఠమేప్రతిపయనంఒకపరీక్షేప్రతిగమ్యంఒకవిజయమేప్రతిఒక్కరిజీవితంఒకఅందమైనపుస్తకమేఅందులోఅచ్చుతప్పులుంటాయేమోకానిఅసలుఅర్ధంలేనిపుస్తకంఏదీవుండదు
వీరగంధము  తెచ్చినారము  వీరుడెవ్వడో తెల్పుడీ,వీణాపాణివరదాయినీశ్వేతపద్మస్థిరవిలాసినీస్వచ్ఛవాక్ర్పదాయినీనిత్యనిర్మలనీరాజనీహంసవాహనసంచారీసుస్మితదరహాసినీవిలసితరూపకామినీవిజయవింధ్యవాసినీవిమలకరతలవిభూషిణీసకలకళాసామ్రాజ్ఞీశోభాలంకృతకుంకుమశోభినీసంగీతసాహిత్యసమలంకృతీనిగూఢవేదాంతరహస్యప్రదీప్తినీచారుగుణసమ్మోహినీవిబుధస్తోత్రనిత్యసంతోషిణీసకలదేవతాస్తుతస్తోత్రిణీమునిగణసేవితవిద్యాదాయినీబాలముకుళితగానవినోదినీకుసుమితకోమలవాగ్దాయినీనిత్యాభిషేకసంపత్ర్పదాయినీబాసరవర్గల్నివాసినీనమామిమత్కరావలంబినీ
Telugu Samethalu in English - Lyrics - Patriotic Songs - Funny Jokes in Telugu - Desha Bhakthi songs,సంక్రాంతిబరిలోమూడుపందెంకోళ్ళుసంక్రాంతిబరిలోమూడుపందెంకోళ్ళుచిటికెలోమీఫ్రెండ్స్అందరికిఈద్వారచాలాగామెసేజెస్పంపావచ్చుజీటీవిజీయోటీవిలోపనిచేయడంలేదామీమొబైల్లోపదినిలోదీపావలివిషెస్యానిమేషన్చేయండి
ఏకాంతం,ఇందాకేలైబ్రరిదాటిపోయిందిఅక్కడరీడర్స్టాట్యూచెట్టుదగ్గరగడిపినక్షణాలుమనంనడకతోకొలిచినసన్నివేల్రోడ్లుఎల్కెమినొరియల్ఇప్పుడుకార్స్టీరింగ్వెనుకగతించిపోతున్నాయిఆవేగంలోనూఇన్న్అవుట్బర్గర్కనిపిస్తేఆగిపోతానుగ్రిల్డ్చీజ్బర్గర్తింటుంటేఎదురుగానువ్వుయెల్లోచిలిపెప్పెర్కొరుకుతున్నట్టుఅనిపిస్తుందినీకోవిషయంచెప్పాలిఈమధ్యఫార్మర్స్మార్కెట్కికూరగాయలకోసంవెళ్ళడంమానేసానుజేబులోడాలర్బిల్లులేకపోతేఅసలువెళ్ళడమేమానేసానుఅక్కడటొమాటీయోస్పైసీగ్రీన్సాస్తోహెలపేనోచీజ్తమాలేతినిమ్యుజిషన్కినీడాలర్బిల్లుఇచ్చిరావడమేనాశనివారంపనిఅప్పుడప్పుడూగమ్యంలేకుండాతిరుగుతుంటానాదారిలోఏదైనాపార్క్కనపడితేఉదాటునకార్కర్బ్సైడ్పార్క్అవుతుందిదట్టమైనచెట్లనీడల్లోనూఆదమరిచిననిద్రలోనేనీమరపుతెలుస్తుందిఈమధ్యనీగాఢతనిమరింకేవీనింపలేకపోతున్నాయిఇప్పుడునాకుతెలుసుఇకనుండిఆనీడలునానిద్రనీకుశత్రువులని
``ఈనాడు'' శ్రీధర్ కార్టూన్‍లు (Eenadu Sreedhar Cartoons),మీరుచెప్పేసుభాషితాలన్నీపుస్తకంగాఅచ్చువేయించాలిసార్లేదాబడిపిల్లలకుపాఠ్యాంశంగాపెట్టాలిబావున్నాయి
muhemmed,మీకుతెలుసాపూర్వనిమ్స్డైరెక్టర్కాకర్లసుబ్బారావుతానావ్యవస్థాపకుడుమరియుమెదటిఅధ్యక్షుడుఅనిమీకుతెలుసాప్రాంతీయభాషల్లోనాలుగువేదాలుకలిగిఉన్నదిఒక్కతెలుగుమాత్రమేప్రపంచంలొఅతిపెద్దదైనశివునివిగ్రహంకర్ణాటకరాష్ట్రంఉత్తరకన్నడజిల్లామురుడేశ్వరలోఉన్నదనిడచ్వారిఅవశేషాలుఇప్పటికిఉన్నభీమునిపట్నంభారతదేశంలొనిరెండవమునిసిపాలిటిఅనిదక్షిణచిరపుంజిగాపేరుగాంచినఆగుంబెభారతదేశంలొనేఅత్యధికవర్షపాతంనమోదుచేసుకొంటున్నప్రదేశాలలొరెండవస్థానంకళ్ళుఅనేతెలుగుసినిమానుఆస్కారునామినేషనుకుఎంపికచేబడినదనిభారతీయసినిమారంగములోమొట్టమొదటిద్విపాత్రాభినయముచేసినతొలినటికలకత్తాకుచెందినఆంగ్లోఇండియన్కుటుంబములోజన్మించినపేషన్స్కూపర్అనినరసభూపాలీయంగాప్రఖ్యాతిచెందినకావ్యాలంకారసంగ్రహకర్తరామరాజభూషణుడుఅనిశబ్దాలంకారాలకుప్రసిద్ధుడైనతెలుగుపూర్వకవిపోతనఅనికృష్ణునిప్రియమిత్రుడుసహాధ్యాయిసుదామునిస్వస్థలముజాతిపితమహాత్మాగాంధీపుట్టిననేటిపోర్బందర్అనిపాకిస్తాన్లోమాట్లాడేఏకైకద్రవిడభాషబ్రహుయిఅనిఇదిఏదోఒకరిద్దరుమాట్లాడేభాషకాదులక్షలమందిమాట్లాడేభాషజగ్గయ్యలోక్సభకుఎన్నికైనతొలిభారతీయసినీనటుడుఅనిలోవిడుదలైనతొలికన్నడటాకీచలనచిత్రముసతీసులోచననుతీసినదితెలుగుసినిమాదర్శకుడునిర్మాతనటుడుమరియుతెలుగుసినీనటిలక్ష్మితండ్రిఅయినయెర్రగుడిపాటివరదరావువైవిరావుఅనిఆంధ్రమహిళలుఐదవతనముగాభావించేనల్లపూసలగురించినప్రస్థావనసాహిత్యములోతొలిసారిగాచేసినదిశ్రీకృష్ణదేవరాయలఆస్థానములోనిఅష్టదిగ్గజములలోఒకడైనమాదయ్యగారిమల్లనఅనిలోపుట్టినసురభివ్యవస్థాపకుడువనారసగోవిందరావుఅనికడపజిల్లాసురభిగ్రామంలోమొదటకీచకవధతోసురభినాటకప్రస్థానంమొదలయ్యిందనిహిందీతమిళతెలుగుభాషలలోతొలిటాకీచిత్రాలయినఅలంఅరాకాళిదాస్మరియూభక్తప్రహ్లాదమూడింటిలోనూఎల్విప్రసాద్నటించాడనిహైదరాబాదునందలిట్యాంకుబండ్నందుమొత్తంమందిప్రముఖులవిగ్రహాలుఉన్నాయనివశతాబ్దంలోఆంధ్రదేశములోనిప్రతిగ్రామమునకుమందిగ్రామసేవకులుఉండేవారనీవారినిబారబలావతిఅనేవారనీతెలుగుఅనేశబ్దంత్రిలింగనుండివచ్చిందనిచదువుకుంటూవచ్చాంకాదుతెలివాహఅనిపిలవబడినగోదావరినుండివచ్చిందిఅనిఅంటోందిఈపరిశోధనాత్మకవ్యాసంరాయలసీమకుఆపేరుపెట్టిందిగాడిచర్లహరిసర్వోత్తమరావులోకర్నూలుజిల్లానంద్యాలలోసర్వేపల్లిరాధాకృష్ణన్అధ్యక్షతనజరిగినఆంధ్రమహాసభలోఆయనఈపేరుపెట్టాడుఅంతకుముందుదానినిదత్తమండలంఅనిపిలిచేవారులోన్యూయార్క్హెరాల్డ్ట్రిబ్యూన్నిర్వహించినప్రపంచకథలపోటీకిభారత్నుండిమూడుకథలుఎంపికయ్యాయిమొత్తందేశాలనుండికథలుపోటీకివచ్చాయివాటిలోరెండవబహుమతినిభారతకథేగెలుచుకుందిఆకథపేరుగాలివానరచయితపాలగుమ్మిపద్మరాజుతెలుగువాడికథమనజాతీయపతకాన్నిరూపొందించినపింగళివెంకయ్యమనతెలుగువారేననిబంగాళాఖాతమునుతూర్పుసముద్రంఅనిపిలిచేవారనిమొదటిప్రయాణంలోనేమునిగిపోయినటైటానిక్లోప్రయాణించినఏకైకభారతీయకుటుంబంగుంటూరునుండిఅనిఅయితేవీరుబ్రిటిషువారుఆలంపూర్లోనినవబ్రహ్మదేవాలయములుశివునిగుళ్లనికోస్తారాయలసీమతెలంగాణాప్రాంతాలనాయకులమధ్యజరిగినపెద్దమనుషులఒప్పందంలోతెలుగుమాట్లాడేప్రాంతాలన్నీఏకమైఆంధ్రప్రదేశ్అవతరణకుమార్గంసుగమముచేసిందనితెలుగుభారతదేశంలోఅత్యంతఎక్కువమందిమాట్లాడేభారతీయభాషలలోహిందీతర్వాతరెండవదనితొలితెలుగుమూకీచిత్రంలలోతీసినభీష్మప్రతిజ్ఞఅనితెలుగునాటతీయబడ్డతొలితెలుగుచిత్రంభక్తమార్కండేయఅనితొలితెలుగుటాకీభక్తప్రహ్లాదఅనితెలుగులోఒకరిజీవితకథఆధారంగాతీసినతొలిబయోగ్రాఫికల్సినిమాభక్తరామదాసుఅనితొలితెలుగుసాంఘికచిత్రంప్రేమవిజయంఅనితొలితెలుగుఅభ్యుదయచిత్రంమాలపిల్లఅనితొలితెలుగుడాక్యుమెంటరీమహాత్మాగాంధీఅనిఒకఅంతర్జాతీయచలనచిత్రోత్సవంలోపాల్గొన్నతొలితెలుగుసినిమాస్వర్గసీమఅనిరాష్ట్రప్రభుత్వంనుంచిసబ్సిడీపొందినమొదటిచిత్రంపదండిముందుకుఅనితొలితెలుగురంగులసినిమాలవకుశఅనిఆంధ్రప్రదేశ్తొలిముఖ్యమంత్రినీలంసంజీవరెడ్డిఈయనభారతరాష్ట్ర్రపతిగాకూడాపనిచేసారురాష్ట్రప్రభుత్వనందిబహుమతిపొందినతొలిసినిమాడాక్టర్చక్రవర్తిలోఅనితొలితెలుగుజేమ్స్బాండ్సినిమాగూఢచారిఅనితొలితెలుగుకౌబాయ్సినిమామోసగాళ్ళకుమోసగాడుఅనితొలితెలుగుస్కోప్సినిమాఅల్లూరిసీతారామరాజుఅనిజాతీయబహుమతిపొందినతొలితెలుగుపాటతెలుగువీరలేవరాఅనితొలితెలుగుఎంఎంసినిమాసింహాసనంఅనిలోతొలిమిస్మద్రాసుటంగుటూరిసూర్యకుమారిరాష్ట్రగీతమైనమాతెలుగుతల్లికిగీతాన్నిరచించినశంకరంబాడిసుందరాచారితిరుపతిలోజన్మించారని
ఏది నిజం?!,రెండవప్రపంచయుద్దకాలంలోడిసెంబర్లోబ్రిటిష్సైన్యానికిచెందినభారతీయబెటాలియన్ఒకటిఉత్తరమలయాఅడవుల్లోజపనీయులకిలొంగిపోయిందిఆబెటాలియన్కినేతలుకెప్టెన్మోహన్సింగ్కల్నల్అక్రంఖాన్కల్నల్ఫిజ్పాట్రిక్భారతీయవిప్లవకారుడుప్రీతంసింగ్జపాన్సైనికాధికారిపుజివారాలప్రేరణఫలితంగాభారతస్వాతంత్ర్యంకోసంపోరాడేనిమిత్తంలొంగిపోయినభారతీయసైనికులతోకెప్టెన్మోహన్సింగ్ఒకస్వచ్చందసైన్యాన్నితయారుచేసేందుకుఅంగీకరించాడుఅలాఇండియన్నేషనల్ఆర్మీపుట్టిందిజపాన్లోతలదాచుకుంటున్నసుప్రసిద్దభారతీయవిప్లవకారుడురాస్బిహారీబోస్అధ్యక్షతనఅప్పటికేఇండియన్ఇండిపెండెన్స్లీగ్పనిచేస్తోందిమోహన్సింగ్నేతృత్వంలోనిఇండియన్నేషనల్ఆర్మీఇండియన్ఇండిపెండెన్స్లీగ్కుఅనుబంధంగాపనిచేయాలనినిర్ణయించారువృద్ధాప్యంవలనతానుశక్తివంతమైననాయకత్వంఅందించలేకపోతున్నాననిభావించినరాస్బిహారీఉద్యమానికిఉత్తేజాన్నించిముందుకునడిపించగలిగిననాయకుడిగురించిఅన్వేషించారుఅప్పటికేజర్మనీగడ్డమీదనుంచిభారతవిముక్తికోసంస్వతంత్రసైన్యాన్నినిర్మించాలనిప్రయత్నిస్తున్నసుభాష్బోసుపైనరాస్బిహారీదృష్టిపడిందిభారత్లోకాంగ్రెస్అగ్రనాయకుడిగాసుభాష్చంద్రబోస్పేరునుఇండిపెండెన్స్లీగ్సభ్యులుఅంతక్రితమేవినిఉన్నారుఆయనచొరవతోఇండియన్ఇండిపెండెన్స్లీగ్ఆహ్వానించడంవలనసుభాష్చంద్రబోస్ఆగ్నేయాసియావచ్చారుజూలైనసింగపూర్లోజరిగినకార్యక్రమంలోసుభాష్ఇండియన్ఇండిపెండెన్స్లీగ్నాయకత్వాన్నిస్వీకరించాడుసరిగ్గామూడునెలల్లోనేతాజీమరొకపెద్దఅడుగువేశాడుసింగపూర్లోఆజాద్హింద్తాత్కాలికప్రభుత్వాన్నిఏర్పాటుచేసినట్టుప్రకటించాడుజరగబోయేమహత్తరపరిణామాలకుఇదినాందీప్రస్తావనఈఘటనాక్రమంఅంతాబోస్లోబ్రిటిష్నిర్బంధంనుంచితప్పించుకున్నపుడేప్రారంభమైందివిదేశీగడ్డమీదనుంచివేలాదిభారతీయులుమాతృదేశవిముక్తికోసంకదంతొక్కుతూరవిఅస్తమించనిబ్రిటిష్సామ్రాజ్యాన్నిసాహసంతోకత్తిదూసిఎదుర్కొన్నమహాసంగ్రామానికినాందిఅదేఅందుకేఈకథనికలకత్తానుంచిబెర్లిన్కువరకూసాగినగ్రేట్ఎస్కేప్తోప్రారంభిద్దాంగ్రేట్ఎస్కేప్ఎందుకుసుభాష్చంద్రబోస్లోఒరిస్సాలోనికటక్లోజానకీనాధ్బోస్దంపతులకితొమ్మిదవసంతానంగాజన్మిచాడుఇంగ్లాండులోచదివిఇక్కడిస్వాతంత్ర్యపోరాటంలోదుమికాడుసుభాష్గాంధీజీనేతౄత్వంలోనిసహాయనిరాకరణోద్యమంలోపాల్గొన్నాడుకాంగ్రెస్లోమిలిటెంట్యువనేతగాపేరుతెచ్చుకున్నాడుఅతివాదభావాలనుప్రబోధించాడుకాంగ్రెస్అధ్యక్షస్థానికిసైతంఎన్నికయ్యాడురెండుదశాబ్దాలకాలంలోనేసార్లుఅరెస్టయ్యాడురెండవప్రపంచయుద్దకాలంలోహాల్వెల్శిలావిగ్రహాన్నితొలగించాలనిఉద్యమించాడుసుభాష్ప్రభుత్వంఅతడినికారాగారంలోనిర్బంధించిందిసుభాష్ఆరొగ్యందెబ్బతినడంజైలులోఅతడుఆమరణనిరసనదీక్షచేపట్టడంసుభాష్విడుదలకుమద్దతుగాప్రజాఉద్యమంపెల్లుబుకుతుందనేభయంకారణంగాప్రభుత్వంఅతడినిజౌలునుంచివిడుదలచేసిగృహనిర్బంధంలోఉంచిందిమారుతున్నప్రపంచపరిస్థితులరీత్యానిర్బందంలోచేతులుముడుచుకునికూర్చోవడంసుభాష్కుసాధ్యంకాలేదుశత్రువుశత్రువుమనకుమిత్రుడనిసుభాష్అభిప్రాయంబిటన్యుద్దంలోఉన్నపుడుమనదేశస్వాతంత్ర్యసాధనకుబ్రిటన్శత్రుదేశాలమద్దతుతీసుకుంటేతప్పేమిటనిసుభాష్ఉద్దేశంఆనాటిజాతీయోద్యమనాయకత్వంఈవిశ్లేషణనిఅంగీకరించలేదుఅందుకేతనఆలోచననితానేఅమలుచేయాలనిసుభాష్నిశ్చయించుకున్నాడుబ్రిటన్కువ్యతిరేకంగాజర్మనీఇటలీజపాన్లుశక్తివంతమైనఅగ్రరాజ్యాలకూటమిగాఏర్పడిఅందుకేయుద్దానికిదిగడంమనస్వాతంత్ర్యసాదనకిచారిత్రకసువర్ణావకాశంగాసుభాష్భావించాడుఆయాదేశాలమద్దతునిఅందుకునిభారతజాతీయవిముక్తికిజాతీయసైన్యాన్నిఏర్పరచాలనిఆసైన్యంతోబ్రిటిష్వారిపైనయుద్దంప్రకటించాలనిడిల్లీనిపట్టుకోవాలనిఆంగ్లేయుల్నితరిమేసిదేశస్వాతంత్ర్యాన్నిసాధించాలనిబోస్ఆశయంఆలోచనల్నిఅమలులోపెట్టేందుకేదేశాన్నివిడిచివెళ్లాలనిసుభాష్నిర్ణయించుకున్నాడుకలకత్తానుంచిబెర్లిన్కుదిగ్రేట్ఎస్కేప్ఎలాజరిగిందోవివరంగాముందుచూద్దాం
VENUGOPAL,ఒకసరదారుట్రయునులొవెళుతున్నాడుముందుసీటులోఉన్నఒకపిల్లడుతలుపుతీస్తూంటేమనసరదారుఅడ్డకోనితనేతీస్తాడుతరువాతఆకుర్రాడుబెర్తుఏత్తపోతేచల్హట్అనితోసిఎత్తేస్తాడుపిల్లడుఇలాకదుఅనిఆలోచించినిలబడిరయిలుఆపేచయినులాగపోతున్నట్టునటించాడుచాలుమరిచెప్పక్కరలేదుకదామనసరదారుపనిపాపంపెనాల్టికట్టాడుఇధండిమనసరదారుసంగతి
శశి తరంగం ,డాజాడసీతాపతిరావుసహాయకాచార్యులురాజీవ్గాంధీవైజ్ఞానికసాంకేతికవిశ్వవిద్యాలయంనూజివీడుప్రాంగణంఏలూరుజిల్లాఆంధ్రప్రదేశ్విద్యుల్లేఖసంచారవాణిఉపోద్ఘాతంకాళీపట్నంరామారావుగారివృత్తిలెక్కలమాష్టారుప్రవృత్తికథాకర్షకుడుకథల్నికవనంతోకరిగించికళ్ళకుకట్టించిఆలోచించేలాచేసేకథానిలయుడుకాళీపట్నంరామారావుకథకుకళింగాంధ్రనుంచిగురజాడజాడవేస్తేరామారావురాచబాటవేసినిలిపారుయజ్ఞంతోకేంద్రసాహిత్యఅకాడమీపురస్కారాన్నిపొందారుకథలురెండురకాలుఒకటిఇష్టమైనవిరెండుచాతనైనవిఅధ్యయనంకథకురాచబాటపరిశీలనాశక్తిప్రాపంచికదృష్టికారాకథలకునెలవుఆర్తిచావుహింసనోరూమ్భయంజీవధారయజ్ఞంశాంతివీరుడుమహావీరుడుకుట్రలాంటికథలుమేథోమథనమైలురాళ్ళుయజ్ఞంకథదోపిడిస్వరూపస్వభావాలనునగ్నంగాసరళంగాసహజంగాశాస్త్రీయంగాచిత్రీకరించాడుకథకోలెక్కకారామాష్టారిదృష్టిలోకథరాయాలంటేఒకలెక్కుందిమనస్వభావంజీవితంలోమంచిచెడ్డలకితీవ్రంగాస్పందించేదైఉండాలిఅనుభవాలనోఆవేశాలనోలేకఅభిప్రాయాలనోఇతరులతోపంచుకునేస్వభావంఉందాలిసాహిత్యంద్వారాఆపనిజరుగుతుందన్ననమ్మకంచేయగలశక్తీఉండాలిఆదిలోఆశక్తిలేకున్నాఫరవాలేదుప్రయత్నించిదాన్నిసంపాదించవచ్చుఅనివీరికథల్లోకనిపించేలెక్కలుగుర్తింపుఇచ్చినకథలోఆయనమొదటికథప్లాట్ఫారమోఅచ్చయ్యిందిలోతీర్పుకథతోఅసలైనకాళీపట్నంరామారావుతెలుగుపాఠకలోకానికితెలిశారులోఆయనరాసినయజ్ఞంకథతెలుగుసాహిత్యానికిచూపుఊపుల్నిచ్చిందికథాతత్త్వంగ్రామీణజీవితంతోకాళీపట్నంరామారావుకున్నఅనుబంధంఅవగాహనఅనుశీలనపాత్రల్లోపరవళ్ళుతొక్కుతుంటాయివీరికథల్లోనినీతిఅంతస్సూత్రంఅవకాశాల్నిఅరమరికలులేకుండాతీసుకునిసిద్ధాంతాల్నీప్రకటించిఒప్పించగలిగేతత్త్వంకారాకథలవ్యక్తిత్వంనీతిఅవినీతిమధ్యగలమర్మాన్నితూర్పారబట్టితాత్త్వికతనుఅనుసంధానంచేసిక్రమ౦గానిజనిర్ధారణచేయిస్తాడుఉద్వేగాలులేనితత్త్వబోధకథనశీలంవీరికథాతత్త్వంకారాకథలువిశ్లేషణవీరికథల్నినాలుగురకాలుగావర్గీకరించవచ్చువ్యతిరేకపద్ధతిలోశీర్షికలతోకథనంఉన్నకథలుఉదాచావుభయంబలహీనులుఅభిశప్తులుమొదలైనవిఅనూకులవైఖరితోకథాశీర్షకలున్నకథలుఉదాఆర్తికీర్తికాముకుడుమహదాశీర్వాదంస్నేహంమొదలైనవిసమస్యలనుంచిపారిపోవాలనుకునేశీర్షికలకథలుపలాయనంమొదలైనవికుటుంబఅనుబంధాలప్రధానంగాసాగేకథలుఅభిమానాలుజీవధారమొదలైనవివ్యతిరేకపద్ధతిలోశీర్షికలతోకథనంఉన్నకథలుచావుకథవిశ్లేషణకారాకాలంసౌమ్యంగాఉన్నాఆగ్రహావేశాలకుకథనంపుట్టినిల్లుసామాజికసంఘర్షణల్లోదోపిడీనిరూపుమాపాలనుకునికంకణంకట్టుకున్నకథలుచావుభయంచావుకథలోమనిషిచనిపోవడంతథ్యంకానీభావోద్వేగాలతోప్రతీకాలతోఆకథఆకట్టుకుంటుందితెల్లార్లూఈసలీసీకటిఎప్పటికీపోతాయిఎర్రగాపోద్దెప్పుడుపొడుస్తాదీఎప్పుడెండలోసేరిపోతావుఅనేవుంటాదిఫ్యూడల్చలినుంచిసమాజంబయటపడిచైతన్యమైజ్ఞానమార్గంలోవెలుగుతూనూత్నసమాజఆహ్వానాన్నిదర్శింపచేసేలాచెప్పడంఈకథలోఅంతరార్థంఅట్టడుగుస్త్రీపాత్రల్నివారుఎదుర్కొంటున్నసమస్యల్లోఅణిచివేతపీడనచుట్టూరాఉన్నాయిమగాడిజీవితంలోభార్యగావచ్చినస్త్రీనిఒకవస్తువుగాచూస్తేస్థితినికళ్ళకుకట్టినల్టుచూపాడుఇందులోముగ్గురుస్త్రీలుబలైనవిధానాన్నిచూపాడునారెమ్మభర్తప్రవర్తననుఅణిగిమణిగిఓపికతోజీవించిమరణించిందిరెండోదిముసలమ్మపాత్రఅయ్యానానెప్పుడైనాయీసలికేసచ్చిపోతాన్రాఈసలిసంకటంతోనేసచ్చిపోతానుశీతాకాలంకర్రలెక్కడాదొరకావుకర్రలొదొరకవానికప్పెట్టీకిమీఎక్కదేనాకొనోకసింతఅడుక్కొనోసివరికిదొంగతనవేసేసినాసరేనన్నుకాల్చీయాలఇదిచలినుంచివిముక్తికోసంముసలమ్మకోరికఈవిముక్తేస్త్రీలచైతన్యజ్వాలగాసూచనఇక్కడసివరికికప్పెట్టీకిమీకసింతసలిలాంటికళింగాంధ్రమాండలికాలతోసహజత్వాన్నికలిగించేలావర్ణించాడుమూడోస్త్రీముసలమ్మకూతుర్లలోచివరమ్మాయిఆమెభర్తతాగుబోతువాడిపెట్టేబాధల్నితట్టుకోలేకవేరేవాడితోలేచిపోయిఆమెసాహసంతోతనబాటుకునుపునర్మించుకుందిఈమెనిర్ణయంతల్లికినచ్చకపోయినాజీవితాన్నిసుఖమయంచేసుకోడానికిఅదోమార్గంగాచూపాడుకేవలంస్త్రీకట్టుబాసినకాదనిఆమెకూఒకమనసుఉంటుందన్నస్ఫృహనుస్త్రీకోణంలోనుంచిపురుషుడుఆలోచించాలనేతత్త్వాన్నిఇక్కడపాఠకుడికిచూపాడుబలహీనులుకథాతత్త్వంబలహీనులుకథలోకథానాయికఒకఅందగత్తెనర్స్నాకుదేవుడిమీదనమ్మకంవుందిఅంటూకథనుమొదలుపెట్టిదేవుడుయిదినాకిచ్చినశిక్షయోమోననిఅనుమానంకలుగుతుంటుందిఅనిముగించాడుఇక్కడఏపాత్రకూపేరులేదుఅందులోఉన్నఅమ్మాయినివర్ణిస్తూలోకంలోనిసౌందర్యధనులలోనేనుఒక్కర్తినిరంగునల్లనైనాఅందులోనైగనిగ్యంవుందితీర్చిదిద్దినవంపులతోడినాసుందరమైననల్లనికాంతులశరీరానికినల్లనివెడల్పాటిబోర్దారులతోటితెల్లనిచీరకడితేనారూపంఆరితేరినచిత్రకారుడితోచిత్రించినబ్లాక్అండ్వైట్షేడ్స్చింతలోనిఆకర్షణఉండేదిఎదురైనవ్యక్తల్లానావైపురెండవసారిచూడకుండానడచిపోవడంఆనాపద్దెనిమిదేళ్ళలోఎప్పుడూయెరగనుశీర్షికలోబలహీనులుఅనిఆడవారిపట్లమగవారుఎలాఉంటారోచెబుతూనేఇందులోఆనర్స్అతడిఅభిప్రాయాన్నితెలిసికూడాపట్టించుకోకపోవడంఆమెకన్నులోరంధ్రంపడడంతోచూపిస్తాడుఇదివిభిన్నమైనముగింపుఅభిశప్తులుకథలోఅభిశాపముఊరకమోపిననిందబ్రాహ్మడితోలేచిపోయినవచ్చినరాఘవమ్మఅనేస్త్రీజీవితంఇందులోప్రధానాంశంఆమెపడినఅగచాట్లుకూతుర్లపెళ్లిఇవన్నీపంచాయితీలోతగువుకువస్తాయిఇవేఆమెముసలతనంలోఅభిశప్తతకులంభర్తలేనిస్త్రీజీవితంసమాజంలోచిన్నచూపునేనేంమడులుకోరలేదేమాన్యాలుకోరలేదేపప్పన్నాలుపాయసాలూకోరలేదేకట్టేందుకిచుట్టుచెంగాయిచీరలూఅలంకరించుకుందుకిఆభరణాలూకోరలేదేఏంకోరానుపిడికెడుమెతుకులువాడికంచందగ్గరవాడిపిల్లలకంచందగ్గరవాడిపెళ్ళాంకంచందగ్గరరాలేపాటిపిడికెడుమెతుకులుకోరానువాడిపెళ్ళాంకుడిచేత్తోవేసినాఎడంచేతోపారేసినామలకలోపోసినామొహానవిసిరినామహాభాగ్యమనిఅందుకుంటానన్నానుఅదినన్నులంజాఅనితిట్టినాముండాఅనితిట్టినాపడతానన్నానుతలంతాబొప్పెలుకట్టేటట్టుమొట్టికాయలుమొట్టినపెదవికదపనన్నానుఇదిరాఘవమ్మజీవితఅంతిమదశవృద్ధాప్యంచిన్నచిన్నవాక్యాల్లోఅంతులేనిబాధనుదైన్యాన్నికళ్ళకుకట్టించికంటతడినిపెట్టి౦చాడుఅనూకులవైఖరితోకథాశీర్షకలున్నకథలుఆర్తికథలోపైడయ్యగంగమ్మతోతనలోనిమానసికస్థితినివ్యక్తంచేసేసందర్భంలోనానార్నెల్లయిఆడమనిషికోసంఉపాసవున్నానుఇయ్యాలఇంటికొస్తెమాయమ్మాఅత్తాకుమ్ములాడుకొనిమమ్మల్నిడదీసినారునిన్నరాతిరిదాన్నితవిటప్పఇంటికిరమ్మన్నానుదానికీనాబాధఅర్థవైనట్టునేదుకావాలంటేపట్టంలోనాయిష్టవొచ్చినట్టేననుండగల్దునునాతోటోల్లంతయెలాగోతంటాలుపడతన్నారోనానుసూస్తునేవున్నానుఅన్నిట్లోఅల్లాగుండొచ్చుగానిఆడదాన్దగ్గిరఅలాగుండాలంటేమనసొప్పుకోడంలేదుఇరుగమ్మకోపొరుగమ్మోపాటుపడితేఇల్లిరగతియాలకన్నెపిల్లనిసెరిపితేకలకాలందానుసురుతగుల్తాదిమరింకరోడ్డోరమనుసులున్నారుఆలజోలికెల్తెఆసుపత్రికిపోవడంసరేసరిపన్లోకెల్లకండపదిరోజులుంటేకూల్డబ్బులమాటేమిటిఅందుకేనాబాధనాకుతెలియాలఆదేవుడికితెలియాలన్నానుఇక్కడశ్రామికజీవనవిధానంవారిఆర్థికస్థితినిఒకఆడమనిషికోసంఉపవాసంఉండడంఇంట్లోతగాదాలుపట్నంలోనావ్యక్తిగతమైనఇష్టాలుఉంటాయిపల్లెలోఅలాఉండడానికిఅవకాశంలేనిపరిస్థితివారిమానసికస్థితివిలక్షణంమాండలికపదాలతోగ్రామీణజీవితాన్నిచూపారుఇదిబలహీనులకథకువిభిన్నమైనతత్త్వంఆర్తికథసంభాషణసహజంగాసాగుతుందినడకవిషయంలోరాతకీమాటకీతేడాకనిపిస్తుందిరాస్తున్నప్పుడుకట్టుదిట్టంగాపదంతరవాతపదంవాక్యంతరవాతవాక్యంతర్కంతోనడుస్తుందిగొప్పవాళ్లలోగొప్పవాళ్లూచాలాగొప్పవాళ్లూఅతిగొప్పవాళ్లూఉన్నట్టేపేదవాళ్లలోకడుపేదలునిరుపేదలుఉంటారుఅనివాక్యంఇదిచదవగానేనాకుతోచినమొదటిఆలోచనపేదవాళ్లలోరెండేవర్గాలనికానీఆతర్వాతకథకుడుఎర్రెమ్మఆస్తిలెక్కగట్టిఆమెనిరుపేదకడుపేదలకోవలోకిచేర్చరాదుఅంటారుఆమెతోతైపారువేస్తేబంగారివొత్తిపేదరాలుమాత్రమేఅవుతుందిపేదరాలువర్గంనిరుపేదకడుపేదకాకమరొకవర్గంఅంటూసూక్ష్మవిభజనచేస్తాడుకొంతవరకూఈకథలోకథనంనుపోలిఉంటుందికీర్తికాముడుకథకుపేరుపెట్టడంలోనేకథలోఅంతరార్థాన్నిచూపించేప్రయత్నంకనిపిస్తుందికొంతపొలంవ్యవసాయంచేయాలనుకునేవెంకయ్యనాయుడుఅనేరైతుఎలాచితికిపోయాడోకథనంద్వారాచూపించారుదేశానికివెన్నెముకరైతుపైగాఅలాకీర్తికాముకుడుకాడానికిపురాణసాహిత్యమేకరణంగారంతిదేవుడుహరిశ్చంద్రుడులాంటికథలుఎవరిప్రయోజన౦కోసంఅనేప్రశ్నించడంద్వారాసమసమాజకాంక్షకనిపిస్తుందిగోదానభూదానహిరణ్యదానాలవల్లకీర్తిఎవరికివస్తుందిలాభంఎవరికిఇవన్నీలోకంలోఉన్నవిభిన్నఅంశాలువాటివెనుకఉన్నలోతైనభావాల్నిగ్రహించేప్రయత్నంచేయించడంఈకథలోనేర్పుమహదాశీర్వచనంకథలోకుటుంబంలోనిస్త్రీపురుషులసంబంధాలతోపాటుదేశంలోనిఆర్ధికపతనంరూపాయివిలువపడిపోవడంలాంటివిషయాలున్నైఆర్థికమాంద్యంలోఒకమధ్యతరగతికుటుంబంస్థితిమధ్యతరగతిస్త్రీలపైమాంద్యంప్రభావంబాధ్యతవహించాల్సినప్రభుత్వంఏంచేస్తుందిపార్లమెంటరీప్రజాస్వామ్యంకుటుంబవ్యవస్థపైవిమర్శలురక్షణలేనిజీవితంఅంశాలపైమహదాశీర్వచనంకథచెబుతోందిసమస్యలనుంచిపారిపోవాలనుకునేశీర్షికలకథలుపలాయితుడుకథలోసమస్యలనుంచిపారిపోయినరాజశేఖరాన్నిచూపారుడిగ్రీచదువుకున్నాఆచదువుకుకారణమైనమేనమామఇష్టంలేనిఅతడితత్త్వానికిఏమాత్రంపొసగనిమేనమామకూతురుతోపెళ్లిస్నేహితులుచుట్టాలకుపెట్టేనఖర్చులుఖర్చులకుచాలనిజీతంఇలాఎన్నోఆర్థికకష్టాలనుఆలంబనంగాసాగినకథనమిదిపోట్లాడిస్నేహితులెలాకావచ్చోచూపినపాత్రరాజశేఖరంసినిమాహాల్లోసీటుమీదకర్చీఫ్వేసిఆపినసీట్లోమరొకరువచ్చికూర్చోగాఆరంభమైనచిన్నపాటితగాదానేపథ్యంలోకొంతవరకుసాగినప్రస్థానంరాజశేఖర్గదివరకువచ్చిఇబ్బందిపడినక్షణంవరకువిచిత్రమైనమనిషిఅనుకుంటూనేటూకీగాకథసాగిందిపైగామీరింకాసినిమాహాలుసంఘటనమరిచిపోలేదనుకుంటానుఅనడంసాధారణమైనసంభాషణగానేసాగిందిఒక్కసారిగామీకుస్వీట్లూహట్లూకాదుకదాఒట్టికాఫీకూడానేనుపోయదలచుకోలేదునాజేబులోచాలాడబ్బులున్నాయికానీమీకుఒక్కదమ్మిదీఅయినాయీయనుదయచేసిమీరునన్నువేధించకండిఇంతకుముందునిత్యంమిరిట్లానాగదికివచ్చినాకిబ్బందికలిగించడంనేనుభరించనుమీరింకనాగదికిరాకండిఅనడంకథకుమరోమలుపునాకామనిషికృతజ్ఞతచూపించినవిధంచూస్తేజాలీఅందులోవ్యక్తమైననాతోడిఆయనస్నేహంతలచుకుంటేమహదానందంకలిగాయిఅంటూకథకుడిమానసికస్థితినిచెప్పేప్రయత్నంచేశాడువిన్నావాబాబూపిల్లదానివంటిమీదబంగారంఅంతాఅమ్మేశాడునాలుగుతులాలగొలుసురెండుతులాలపుస్తెలనానుతులంన్నరఎత్తుగాజులజతసమస్తంఅమ్మేశాడుముక్కువీచెవివీమాత్రంయింకాముట్టుకోలేదుమంగళసూత్రంజోలికిపోలేదుసర్వగుటకాయస్వాహాఅంటూరాజశేఖరంమేనమామచెప్పడంతోరాజశేఖర్మిత్రులకుచుట్టాలకుఎలాఖర్చులకోసండబ్బులువాడుతున్నాడోతెలుస్తుందిఇద్దరుమిత్రులుఒకరికొకరుఉత్తరాలురాయడంఉండేదికాకపోతేరాజశేఖర్ఒకేసారిఉత్తరంరాశాడుమూడేళ్ళతర్వాతమానవుడిసామాజికజీవిఅనిఅతడికష్టసుఖాలుఆనందవిషాదాలులక్ష్యాలుసాధించడంసాధించకపోవడంఅతనిప్రయత్నంఒక్కదానిమీదేఆధారపడిఉండవనీఎవడిజీవితపగ్గాలువానిచేతులోనేఉన్నట్టుకనిపించినానిజానీకవిఅతడిచేతులలోలేవనిబహుశామీరుగ్రహించగలిగిఉండరుఅందుకుకారణంమీరిప్పుడుమళ్ళాపొరపడుతున్నట్లుమీప్రయాణంలోపంఒక్కటేకాదుమీపుట్టుకమీపుట్టుకకుముందేమీకైఏర్పడిపోయినజీవనపథప్రమేయంకూడాచాలాఉందిఅంటూసుదీర్ఘజీవితానుభవగీతనుబోధిస్తున్నట్లుఒకవేగంతోకథనాన్నినడిపించారుఇండతాఅనుభవంలోతనుసంపాదించినసత్యాలుఇలాచైతన్యస్రవంతిధోరణిలోసాగుతుందిలేఖావ్యాసంగంచివరికిఈఇంద్రజాలానికంతటికీకారణంఇపుడుమానవుడానుసరిస్తున్నఆర్థికవిధానంఅంటూఆర్థికసంబంధాలస్థితిలోకితీసుకువస్తాడుతనదైనవ్యక్తిత్వాన్నిచంపుకుంటూనేఎన్నోఉద్యోగాలుచేసినకచ్చితత్త్వాన్నివదలనివాడుచివరికికుటుంబంనుంచిపలాయనంచిత్తగించడమేఈపలాయితుడుకుటుంబఅనుబంధాలప్రధానంగాసాగేకథలుఅభిమానాలుకథసుదీర్ఘమైందిసంఘటనలసమాహారంచలపతిఅనేచిన్నపిల్లాడిపట్లభాస్కర౦అనేచిన్నాన్నపాత్రఎలాప్రవర్తించాడుఆలోచించాడులాంటివిషయాలుఉన్నైజీవధారఈకథలోమానవవిలువలచర్చిఉందిఅందరూసమృద్ధిగాసంతోషంగాఉండాలనేమానవలక్ష్యాన్నిచూపారునీళ్లకోసంస్త్రీలుపడేబాధనుబాగావర్ణించారుస్త్రీలనువ్యక్తిగాశ్రమజీవిగాచూడడ౦ఈకథలోప్రత్యేకంసింహావలోకనంకళింగాధ్రకథావాహికలోకారామాష్టారుదళితపేదజీవితాల్లోకితరచిచూసివారిమాండలికభాషనువాడిప్రతిభావనమరోసారిఆలోచనచేయమనేచెప్పేంతహత్తుకుంటైపురాతనచరిత్రకోశంభూమిపొరల్నితవ్వేఆర్కియాలజిష్టులాపొరపొరావిడదీసిచూపేదాకాచరిత్రసమాచారంఆవిష్కారంకానట్లుకారాకథల్నిప్రతిపోరాజాగ్రత్తగావిప్పితేగానిబోధపడదనివెల్చేరునారాయణరావుగారిమాటల్నిబట్టిలోతైనఅభివ్యక్తికారావారిదికొడవటిగంటికుటుంబరావుగారిదగ్గరకథాశైలినికథనుఎలారాయకూడదోలోపాల్నిఎలాసర్దుకోవాలోరావిశాస్త్రిగారిదగ్గరతెలుసుకున్నకారాసమాజాన్నివినూత్నంగాదర్శించికృతకృత్యులయ్యారుఉపనిషత్అనేపదానికివేదాంతంధర్మంఏకాంతంఅనేమూడుఅర్థాలున్నైవాటినికాళీపట్నంరామారావుకథల్లోపాఠకులకుచూపించారుప్రజాభాషనుప్రత్యేకంగామాండలికపదాల్నిఎంపికచేసుకొనికథనురాయడంద్వారాఉత్తరాంధ్రప్రజాసాహిత్యాన్నివాడినట్లై౦దిబుగతఅంటేయజమానిభూస్వామిపెద్దకులంవాళ్ళుఅనేఅర్థంలోబ్రాహ్మణవ్యక్తుల్నిఅనడంపరిపాటిఇక్కడకేవలంకులవాచికాకుండాపదజాలాన్నినిర్మించడంలోబుగతగాచూస్తేఉత్తరాంధ్రప్రజాసాహిత్యపుబుగతగాఉత్తరాంధ్రకథోపనిషత్కారాకనిపిస్తారుఆధారాలుపొద్దుఅంతర్జాలతెలుగుపత్రికకాళీపట్నంనవాతీతరణంనవ్యనీరాజనంసంపాదకుడుజగన్నాథశర్మసాహిత్యప్రస్థానంజూన్సాహిత్యపత్రికవ్యాసవారథిసాహిత్యవ్యాసాలుడాతుర్లపాటిరాజేశ్వరిఆంధ్రపత్రికజయసంవత్సరాదిసంచికఆంధ్రపత్రికఉగాదిసంచికమార్చిఅక్షరాలాకథానాయకుడుఈటీవిఆంధ్రప్రదేశ్జూన్ఇంటర్యూడిసెంబర్తేదీలలోజరిగినజాతీయసదస్సుజెయంజెకళాశాలతెనాలిలోపత్రసమర్పణ
నేను నా లోకం...,తల్లీజగత్కల్పవల్లీచిదానందవల్లీసుధారాగవల్లీమతల్లీత్రివర్ణస్వరూపాత్రయీపాదరూపాత్రిసంధ్యాస్వరూపాత్రిమూర్త్యాత్మరూపాత్రినేత్రాప్రసాదించవేతల్లీతద్రూపిణీదివ్యసద్రూపిణీవేదవిద్రూపిణీతుర్యభాగ్రూపిణీవర్యవాగ్రూపిణీపూరకుంభస్వనద్రేచకోద్భాసినీనీలవేణీయతీంద్రాదిహృత్పద్మసంచారిణీభాస్కరీభవ్యగోలోకసంచారిణీదేశకాలానురూపావషట్కారరూపాసదాచారరూపామహధీరగంభీరరూపామహామంత్రరూపాహితారాధ్యరూపాసుధీశాలినీయొగమాయావిలసోల్లసద్రూపిణీయొగియొగేశ్వరారాధితానామపారాయణప్రీతహృత్పద్మినీప్రాణసంజీవనీసత్యధీచోదినీధర్మదాక్షిణ్యరూపాయధాశక్తినర్చింతునోయమ్మత్వత్పాదకంజాతధూళిన్శిరంబందుమేనన్గుభాళింపగాచల్లుకొందున్శుభశ్రీలతోనిండుకొన్నట్టిప్రత్యూషసౌందర్యసంపత్తిచిత్తంబులోహత్తుకొందున్తమోహారిణీస్వాగతంబమ్మతేజస్వినీఅగ్నియేమోముగాబ్రహ్మశీర్షంబుగావిష్ణుదేవుండుడెందంబుగారుద్రుడేకేశపాశంబుగాభూమియేయోనిగాపంచప్రాణంబులొప్పన్శరత్పూర్ణిమాజ్యొత్స్నవైచారుభూషాంగివైవేదశాఖోపశాఖాదులందాడుచున్నృత్యముంజేయవేసామవేదోక్తమాధ్వీకవిద్యాప్రభావంబులోవర్ణితంబైననీరోహితశ్వేతకృష్ణాతికృష్ణస్వరూపంబులున్చంచలత్తేజమున్నోలివస్వగ్నిరుద్రేంద్రపాశాయుధాదిత్యరాజన్మరుత్సోమకభ్రహ్మసాధ్యుల్సదాపానముంజేయగవారినానందపాధొధిలోదేల్చిపూర్ణాత్ములంజెయవేఅట్టివారిన్దొసంగుల్తొలంగన్స్మరింపంగశక్తిన్ప్రసాదింపవేవేదమాతాపృధివ్యగ్నివాయ్వంతరిక్షస్వరాదిత్యశుభ్రాంశునక్షత్రవాక్ప్రాణచాయాత్మచక్షుస్సులున్శ్రోత్రచిత్తంబులున్నేత్రకృష్ణాచ్చవర్ణంబులున్సామరూపంబులైకొల్వప్రాణస్వరూపాధిదైవంబవైసామగాయత్రివైసాధుభావంబుతోలోకవిఖ్యాతిజేకొన్నమాతల్లిపూతాత్మునింజేయవేనన్నువాగ్రూపమైనామరూపక్రియాభేదమైభూతసంబంధియైనట్టిఈజంగమస్థావరాలంకృతంబీప్రపంచంబువాక్సారమైశాబ్దికంబైనబ్రహ్మంబుగానొప్పతద్బ్రహ్మవేదోక్తగాయత్రిగాకీర్తినందన్భవద్వ్యాపితానంతశక్తిన్ప్రపంచంబుపూరించుచున్సర్వభూతాత్మకత్వంబుగాపృధ్విరూపంబుగానొప్పిత్వన్మంత్రమున్గానముంజేయుభక్తాళిరక్షించుచున్సార్ధకంబైనగాయత్రినామంబునుందాల్చిపేర్వడ్డనీరూపుభావింతునీనామసామర్ధ్యమూహింతుసూర్యోదయంబందుబ్రత్యగ్రరూపంబుతోరక్తపద్మాసనారూఢవైరక్తవస్త్రంబులందాల్చిరక్తాంగివైరక్తమాలాసుగంధానులేపంబులంగూడిఋగ్వేదమున్పూనిదండాక్షమాలాదులున్న్రుక్సృవంబుల్చెలంగన్ప్రసన్నాత్మతన్బాలగాయత్రిగాబ్రాహ్మిరూపంబుతోనాల్గుమోముల్సదానవ్వులన్రువ్వగారాజహంసంబుపైవచ్చునీతేజమున్గొల్తుఅర్ధొదయంబందునన్నీదుదివ్యారుణజ్యొతికిన్చిత్తముప్పొంగమేనన్గగుర్పాటువ్యాపింపరాగామృతాస్వాదనాయత్తభృంగమ్మునైచొక్కుదున్మ్రొక్కుదున్మక్కువన్తల్లిరోయిమ్ముసద్బుద్దినోయమ్మమద్యాహ్నకాలంబులోనీవుశ్వేతాంగివైశ్వేతవస్త్రంబులందాల్చుచున్శ్వేతపద్మాసనంబందుశొభిల్లుచున్ప్రౌఢవైయాజుషంబైనగ్రంధంబుచేబూనినేత్రత్రయంబొప్పపంచాస్యవైగంధమాలాదులొప్పన్త్రిశూలంబుతోడన్వృషారూఢవైదివ్యదీప్తిన్ప్రచండప్రభాదుర్నిరీక్ష్యంబుగానొప్పవేతల్లిరుద్రాదిదైవంబవైనట్టినీరూపుభావింతుసాద్గుణ్యసామ్రాజ్యసావిత్రిసత్కీర్తికైనిన్నుసేవింతునోయమ్మఅస్త్రాద్రితాకంగసూర్యుండునీవంతటన్కృష్ణవర్ణంబుతోకృష్ణపద్మాసనారూఢవైకృస్ణవస్త్రంబులందాల్చినేత్రద్వయంబొప్పదండాక్షమాలాదులన్శంఖచక్రాదులన్తాల్చుచున్సామవేదంబుతోవృధరూపంబుతోవిష్ణుభావంబుతళ్కొత్తతార్క్ష్యుండువెన్నంటిరాదివ్యనక్షత్రకోటీప్రభాసమానాంగివైచారుభూషాంగివైవాణివైనీణచేబూనివీణాఖ్యలోకంబునందుండిఆలాపముల్చేయతన్నదముల్మౌనిలోకంబులందాకివేదంబులైక్రాలగంధర్వలోకంబుగాంధారమున్పాడమెచ్చన్దిశాశ్రేణులన్తట్టుచున్లోకముల్ముట్టిశబ్దంబులన్పుట్టగాజేయుచున్నాదవిఖ్యాతవైసాంధ్యవౌచున్సరస్వత్యభిక్యాతవైతోచుకల్యాణిరోయిమ్ముసంగీతసాహిత్యసద్భావసంపత్తినోతల్లిపాతాళలోకంబునందుండిజీమూతభూతంబువోలెన్తమంబల్లనన్స్వర్గలోకంబుపైకొన్ననక్షత్రగోళంబులన్చంద్రుడున్స్వీయతేజంబులన్సూర్యబింబాకృతిన్దాల్చిరేమోయనన్వచ్చిభానుండుసప్తాంశుబాణాగ్నులన్రువ్వతానంతటన్కొండలన్బండలన్దూఱికాలంబుకైనిల్చిబాణప్రతాపంబునిర్వీర్యముంజేయుచున్సూర్యబింబంబుపైబడ్డభానుండుతేజంబునక్షత్రచంద్రాదులందుంచికాలంబుకైనిల్వదైవాసురంబైనయుద్ధంబునిత్రంబుగసంధిలన్సంధ్యలోమౌనిలోకంబుధీశాలినీనీవిలాసంబునీవిభ్రమావిర్భవంబెంచుచున్మానసంబందునీశక్తికిన్యుక్తికిన్మెచ్చుచున్స్తొత్రపాఠంబులంజేయుచున్మ్రొక్కదేఆత్మచైతన్యవిస్పారితాలోకనానంతశక్తిన్మహాదేవికైమోడ్పులోతల్లిభాస్వత్కిరీటాంమహాకుండలైర్మండితాంశంఖచక్రాంకహస్తాంస్పురత్కాంతిరూపాంఉదూఢద్యుతింశ్యామలాంకోమలాంసుందరీంచంద్రతారాత్మికాంనిత్యసత్యాత్మికాంమోహినీంసర్వమంత్రాశ్రితాంశుద్ధవిద్యాంజయాంజ్ఞానరూపంతమోహారిణీంవేదధాత్రీంఉషకాలగమ్యాంఉదాత్తస్వరూపంసదాహంసయానాంఅజేశాదివంద్యాంసుమేధందదానాంసుశాంతాంసుకాంతాంశుభాంనిత్యమైశ్వర్యసౌఖ్యప్రదంశాకినీడాకినీఘోరభూతాళివిద్రావిణీంత్వాంభజేయంచునిన్కొల్తురెవ్వారలవ్వారిపాపంబులంద్రుంచికష్టంబులన్పాపవేతల్లిఈజీవిపైనీదయావర్షమున్చిమ్మవెముక్తిమార్గంబుచూపింపవెదోషపుంజంబులన్ద్రుంపవేనింపవేదివ్యభావంబుతోనామనంబున్సదామ్రొక్కెదన్తల్లిరొవేదమాతానమెస్తెనమెస్తెనమెస్తెనమహశ్రిగాయత్రీపరబ్రహ్మార్పణమస్తు
ఉలిపికట్టె,ప్రతీమనిషివేరొకరినిఏదోఒకసందర్భంలోఅడిగేలేదాప్రశ్నించేవాక్యంఇదినువ్వునన్నర్థంచేసుకోలేదుకానీఇదేప్రశ్నమనకిమనంవేసుకొంటేఅంటేమనంమనకిఅర్థంఅయ్యామాపూర్తిగాఅనిగుండెలమీదచేయివేసుకొనిసమాధానంచెప్పగలమగధీరుడుకానీనారీరత్నంగానీతారసపడతారనిఆశించడంలేదుఎందుకంటేనేనుఅనేదిసంక్లిష్టతలసమాహారంమారాంచేసేఈరాంగోపాల్నుఅంటేప్రస్తుతమున్ననేనుగామార్చినఅనేకసంఘటనలుకథలునీతిసూత్రాలుమంచిమాటలుఒకటేమిటిఎన్నెన్నోవిషయాలుమనబ్లాగునేస్తాలతోధారావాహికగాపంచుకోవాలనేఆకాంక్షతోమొదలుపెడుతున్నామిత్రులందరూతమతమఅభిప్రాయాలనుతెలియజేయగలరుఇదినాచిన్నప్పుడుమానాన్నగారుచెపుతుండగావిన్నకథతర్వాత్తర్వాతనామీదఎంతోప్రభావాన్నిచూపించినకథసర్వఙ్ఞఅనగనగాఒకరాజుగారికితనరాజ్యంలోసర్వఙ్ఞులుఎంతమందిఉన్నారోతెలుసుకోవాలనిపించిందిసర్వఙ్ఞుడంటేఅన్నివిద్యలూపరిపూర్ణంగాతెలిసినవాడనిఅర్ధంఅంటేఆవృత్తితనకులవృత్తాఅనిపించేంతనైపుణ్యంఉండాలన్నమాటరాజుతలచుకొంటేదెబ్బలకుకొదవాతక్షణమేచాటింపువేసారుఫలానారోజుపోటీఅనిఅందరూఎవరికివారేసర్వఙ్ఞులుపోటీతీవ్రంగానేజరిగిందిఒక్కడుమాత్రమేఅన్నింటాగెలిచిచివరిదాకానిలబడ్డాడుసరేవాడేబహుమతికర్హుడుబహుమతిప్రదానంరోజొచ్చిందిఈయబోతూఈయబోతూరాజుగారుఆగిపోయారుమళ్ళీఏమొచ్చిందిరాఅనుకొంటూసభికులునిరుత్సాహపడ్డారురాజుగారుమంత్రివైపుతిరిగిఏమండీమీరేకదకమిటీఅధ్యక్షులుపరీక్షసక్రమంగానేజరిగిందామంత్రిగారూఅంటూప్రశ్నించారుఆర్యాఅన్నివిద్యల్లోనూఇతగాడుప్రవీణుడేసుమండిఅంటూమంత్రిగారుముక్తాయించారుఅయినాకానినాదోచిన్నపరీక్షఅంటూవిజేతవైపుచూచిఏమయ్యానీకుచెప్పులుకుట్టడంవచ్చాఅంటూప్రశ్నించారుసభికులంతావిస్తుపొయారుఒకసద్బ్రాహ్మణునిచేచండాలపనిచేయించడమాఅప్రయత్నంగానేఅందరిచూపుడువేళ్ళూముక్కులపైకిపోయాయిఅతగాడుమాత్రంతడబడలేదుచిత్తంమహారాజాఅంటూతనకుకావాల్సినతోళ్ళూదారంకత్తీవగైరాలుతెప్పించికొనిపనిమొదలుపెట్టాడురాజుగారుమాత్రంతదేకదృష్టితోఅతడినేపరిశీలించసాగారుకొలతలుతీసుకున్నాడుతోలుకత్తిరించుకున్నాడుకుట్టడంపూర్తికావొచ్చిందిచివరికికంట్రాణీతోదారంబయటికిలాగిపూర్తిగావచ్చిందొలెదోతెలుసుకోవడంకోసమనిఆదారంకొసనిపళ్ళమధ్యపట్టిగట్టిగాలాగాడుశహభాష్నువ్వేసర్వఙ్ఞుడివిఅంటూకౌగలించుకొనిబహుమతిప్రదానంచేసాడుఆవిధంగాదారాన్నిపళ్ళతోపట్టిలాగడంఅనేదిచెప్పులుకుట్టడంవృత్తిగాగలమాదిగవారుమాత్రమేచేయగలనిపుణతకథఅయిపోయిందికానీనాలోఆలోచనప్రారంభంఅయిందిఅన్నిపనులూఏఒక్కరైనాఅలాపరిపూర్ణమైనప్రావీణ్యతతోచేయగలరాఅనిసరేప్రయత్నిస్తేవచ్చేనష్టంఏమిలేదుకదాఅనిఆచరణలోపెట్టిచాలావరకుసాధించగలిగానుఅన్నిపనుల్లోకాకపోయినాచేసినపనిలోమాత్రంపరిపూర్ణతతీసుకురావడంలోమాత్రంచాలవరకుకృతకృత్యుణ్ణికాగలిగాననడంసత్యదూరంకాదుఅనేదితర్వాతికాలంలోనాకొకమంత్రంఅయికూర్చుందిమీరూప్రయత్నించండినేస్తాలూఫలితంతప్పకకనిపిస్తుంది
లోగుట్టు,మనతెలుగుసినిమాలకుకనీసంజాతీయస్థాయిలోనైనాగుర్తింపులేదుఅలాంటిదివనజచిత్రానికిమంచిగుర్తింపేలభిస్తోందితెల్లోళ్లుమెచ్చుకుంటేనేగానీమనసినిమాలుమనకుగొప్పగాకనపడవువాటర్లాంటిమెట్టసినిమాకూఅంతర్జాతీయఅవార్డులోచ్చాయనుకోండిమంచిఆంగ్లచిత్రాలకోసంఈమధ్యరివ్యూలుచదవడంమొదలెట్టాఅందులోమనసినిమావనజగురించిరివ్యూరాయడమేకాదుఏకంగాస్టార్లుఇచ్చారుసినిమాచాలఅందంగాఉందనికితాబులిచ్చారుఇన్నాళ్లూఈసినిమాకుఅవార్డులువచ్చాయన్నాపెద్దగాపట్టించుకోలేదుగానీఇప్పుడుచూడాలనిపిస్తోంది
telugu writings,పనికివచ్చినమనిషితోసరిపడాఊడిగంచేయించుకునేవరకునిద్రపట్టనిసమాజంపనివిలువబాగానేతెలుసుమనుషులకినెలజీతంఇచ్చేటపుడురోజుతక్కువనెలజీతంఏంటనిఅడిగితేఏరోజుపనికిరాలేదోగుర్తురావడానికిఅరనిమిషమేఆహాఏమిఖచ్చితత్వంసంతోషమేడబ్బువిలువాబాగానేతెలుసుమనుషులకిమరిఇదేంటిసందేహంకాదుఆక్రోశంప్రజలుఅసలుమనుషులేనాఐదేళ్ళకిసరిపదాపనులుఅప్పజెప్పినిమ్మకుండటంలోమర్మమేమిటోఆలోచించడంఅనవసరంఅనిఅరనిమిషంలోతేల్చేవారినిచూస్తేఅవునుమనుషులేనన్నస్పౄహమార్పుసహజంఅలాకాకుండామనకుమనంగాఎన్నటికీమారబోమనుకుంటాఎందుకువ్రాసానంటేచెప్పాలినఅవసరంనాకుఏమాత్రంలేదు
యాంత్రికత ఓ చిమ్మ చీకటి! భావుకత ఒక చిరు దీపం!!,ఎన్నికలప్పుడుఅరచేతిలోస్వర్గంచూపించిగెలిచాకమొహంకూడాచూపించనినాయకులనిఏనాడైనాకనీసంనిలదీశావాబాధ్యతగాచేయాల్సినపనులనికూడాధనాపేక్షతోజాప్యంచేస్తూపీడించేలంచగొండిఅధికారులనిఏనాడైనాకనీసంగట్టిగాప్రశ్నించావాప్రజలకనీసఆరోగ్యఅవసరాలుతీర్చలేకపోతున్నప్రభుత్వవిధానాలపైఏనాడైనాగొంతెత్తావాఇవన్నీచేయలేనిచేతకానినువ్వుతమప్రాణాలుప్రమాదంముంగిటనిలిచినాకూడానిబ్బరంగాశక్తికిమించిసేవలందిస్తున్నవైద్యులపైమాత్రంచెయ్యెత్తుతావాఎందుకీకండకావరంఎప్పుడుతగ్గుతుందినీపైత్యంఒకటిమాత్రంసత్యంనీనిర్లక్ష్యంతోనోనిస్సహాయతతోనోనీప్రాణంమీదకుతెచ్చుకున్నప్పుడుఆవైద్యుడిచెయ్యేనీకుఆపన్నహస్తంఇప్పటికైనానువ్వుగ్రహించకుంటేఈనిజంనీమెదడుకిపట్టినవైరస్నినయంచేయలేదుఏవైద్యం
